duration,total_fpackets,total_bpackets,total_fpktl,total_bpktl,min_fpktl,min_bpktl,max_fpktl,max_bpktl,mean_fpktl,mean_bpktl,std_fpktl,std_bpktl,total_fiat,total_biat,min_fiat,min_biat,max_fiat,max_biat,mean_fiat,mean_biat,std_fiat,std_biat,fpsh_cnt,bpsh_cnt,furg_cnt,burg_cnt,total_fhlen,total_bhlen,fPktsPerSecond,bPktsPerSecond,flowPktsPerSecond,flowBytesPerSecond,min_flowpktl,max_flowpktl,mean_flowpktl,std_flowpktl,min_flowiat,max_flowiat,mean_flowiat,std_flowiat,flow_fin,flow_syn,flow_rst,flow_psh,flow_ack,flow_urg,flow_cwr,flow_ece,downUpRatio,avgPacketSize,fAvgSegmentSize,fHeaderBytes,fAvgBytesPerBulk,fAvgPacketsPerBulk,fAvgBulkRate,bVarianceDataBytes,bAvgSegmentSize,bAvgBytesPerBulk,bAvgPacketsPerBulk,bAvgBulkRate,sflow_fpacket,sflow_fbytes,sflow_bpacket,sflow_bbytes,min_active,mean_active,max_active,std_active,min_idle,mean_idle,max_idle,std_idle,FFNEPD,Init_Win_bytes_forward,Init_Win_bytes_backward,RRT_samples_clnt,Act_data_pkt_forward,min_seg_size_forward,calss
1020586,668,1641,35692,2276876,52,52,679,1390,53.43113772,1387.492992,25.85059229,54.2207838,1012372,1004743,1,2,33003,37595,1517.7991,612.6481707,3430.256494,1961.288204,3,16,0,0,13360,32820,654.5259292,1607.899775,2262.425704,2265921.735,52,1390,1001.545258,606.9292954,-30,20674,442.194974,1208.029126,0,2,0,19,2308,0,0,0,63.79233442,1001.545258,53.43113772,13360,376,7,238318,2939.893396,1387,13535,9,4961514,0,0,0,0,-1,0,-1,0,-1,0,-1,0,2,4194240,1853440,1640,668,32,benign
80794,1,1,75,124,75,124,75,124,75,124,0,0,0,0,-1,-1,-1,-1,0,0,0,0,0,0,0,0,20,20,12.37715672,12.37715672,24.75431344,2463.054187,75,124,99.5,34.63379852,80794,80794,80794,0,0,0,0,0,0,0,0,0,1.653333333,99.5,75,20,0,0,0,0,124,0,0,0,0,0,0,0,-1,0,-1,0,-1,0,-1,0,2,0,0,0,1,0,benign
998,3,0,187,0,52,-1,83,-1,62.33333333,0,17.88388474,0,998,0,2,-1,996,-1,499,0,702.8634291,0,1,0,0,0,60,0,3006.012024,0,3006.012024,187374.7495,52,83,62.33333333,17.88388474,2,996,499,702.8634291,0,0,1,1,3,0,0,0,0,62.33333333,62.33333333,60,0,0,0,0,0,0,0,0,0,0,0,0,-1,0,-1,0,-1,0,-1,0,4,101888,-1,0,3,32,benign
189868,9,9,1448,6200,52,52,706,1390,160.8888889,688.8888889,216.1619442,665.6900451,137870,161424,2,11,40746,71705,17233.75,20178,17780.63985,29411.67515,3,4,0,0,180,180,47.40135252,47.40135252,94.80270504,40280.61601,52,1390,424.8888889,551.654345,2,51972,11168.70588,17180.91265,1,2,0,7,17,0,0,0,4.281767956,424.8888889,160.8888889,180,334,4,8196,443143.2361,688,4201,4,2879369,0,0,0,0,-1,0,-1,0,-1,0,-1,0,2,4194240,2722560,8,9,32,benign
110577,4,6,528,1422,52,52,331,1005,132,237,134.0659042,377.3987281,82246,81939,3,12,80371,49456,27415.33333,16387.8,45870.47268,22885.04745,2,4,0,0,80,120,36.17388788,54.26083182,90.4347197,17634.77034,52,1005,195,296.7473673,3,49456,12286.33333,18425.63881,0,0,0,6,10,0,0,0,2.693181818,195,132,80,0,0,0,142429.8,237,1370,5,27150,0,0,0,0,-1,0,-1,0,-1,0,-1,0,2,155136,31232,5,4,32,benign
261876,7,6,1618,882,52,52,730,477,231.1428571,147,290.1125808,170.4740449,261876,186534,2,454,95625,77201,43646,37306.8,39724.78194,27948.16201,3,2,0,0,140,120,26.73020819,22.91160702,49.64181521,9546.502925,52,730,192.3076923,236.8497712,2,72473,21823,22332.50694,0,2,0,5,12,0,0,0,0.545117429,192.3076923,231.1428571,140,0,0,0,29061.4,147,0,0,0,0,0,0,0,-1,0,-1,0,-1,0,-1,0,2,4194240,926720,3,7,32,benign
14,2,0,104,0,52,-1,52,-1,52,0,1,0,14,0,14,-1,14,-1,14,0,0,0,0,0,0,0,40,0,142857.1429,0,142857.1429,7428571.429,52,52,52,1,14,14,14,0,0,0,0,0,2,0,0,0,0,52,52,40,0,0,0,0,0,0,0,0,0,0,0,0,-1,0,-1,0,-1,0,-1,0,3,5824,-1,0,2,32,benign
29675,1,1,71,213,71,213,71,213,71,213,0,0,0,0,-1,-1,-1,-1,0,0,0,0,0,0,0,0,20,20,33.69839933,33.69839933,67.39679865,9570.345409,71,213,142,100.4041832,29675,29675,29675,0,0,0,0,0,0,0,0,0,3,142,71,20,0,0,0,0,213,0,0,0,0,0,0,0,-1,0,-1,0,-1,0,-1,0,2,0,0,0,1,0,benign
806635,4,0,239,0,52,-1,83,-1,59.75,0,15.48924358,0,806635,0,5,-1,765503,-1,268878.3333,0,430580.7699,0,1,0,0,0,80,0,4.958872352,0,4.958872352,296.2926231,52,83,59.75,15.48924358,5,765503,268878.3333,430580.7699,1,0,0,1,4,0,0,0,0,59.75,59.75,80,239,4,296,0,0,0,0,0,0,0,0,0,-1,0,-1,0,-1,0,-1,0,5,107008,-1,0,4,32,benign
56620,3,2,1074,719,52,52,592,667,358,359.5,277.1055755,434.8695207,56620,33231,6,33231,56614,33231,28310,33231,40027.90066,0,2,1,0,0,60,40,52.98481102,35.32320735,88.30801837,31667.25539,52,667,358.6,292.6987359,6,33231,14155,15940.48286,0,0,0,3,5,0,0,0,0.669459963,358.6,358,60,0,0,0,189111.5,359,0,0,0,0,0,0,0,-1,0,-1,0,-1,0,-1,0,3,128512,10816,1,3,32,benign
7552,1,1,52,64,52,64,52,64,52,64,0,0,0,0,-1,-1,-1,-1,0,0,0,0,0,0,0,0,20,20,132.4152542,132.4152542,264.8305085,15360.16949,52,64,58,8.426149773,7552,7552,7552,0,1,0,0,0,2,0,0,0,1.230769231,58,52,20,0,0,0,0,64,0,0,0,0,0,0,0,-1,0,-1,0,-1,0,-1,0,2,3328,103808,1,1,32,benign
5008461,1,2,52,135,52,52,52,83,52,67.5,0,21.89748844,0,5008461,-1,5008461,-1,5008461,0,5008461,0,0,0,1,0,0,20,40,0.199662132,0.399324264,0.598986395,37.33681864,52,83,62.33333333,17.88388474,109201,4899260,2504230.5,3387083.201,1,0,0,1,3,0,0,0,2.596153846,62.33333333,52,20,0,0,0,479.5,67,0,0,0,1,52,2,135,5008461,5008461,5008461,0,4899260,4899260,4899260,0,2,103808,3328,2,1,32,benign
59125997,2,4,780,664,52,52,728,477,390,166,478.0031381,207.8468988,82744,59091982,82744,251,82744,59046808,82744,1.97E+07,0,3.41E+07,1,2,0,0,40,80,0.033826068,0.067652136,0.101478204,24.42242116,52,728,240.6666667,291.5442791,251,59043002,1.18E+07,2.64E+07,1,0,0,3,6,0,0,0,0.851282051,240.6666667,390,40,0,0,0,43200.33333,166,0,0,0,2,780,4,664,59125746,5.91E+07,59125746,0,59043002,5.90E+07,59043002,0,2,104320,5824,3,2,32,benign
155610,1,2,40,92,40,40,40,52,40,46,0,8.426149773,0,1625,-1,1625,-1,1625,0,1625,0,0,0,0,0,0,20,40,6.426322216,12.85264443,19.27896665,848.2745325,40,52,44,6.892024376,1625,153985,77805,107734.7892,1,0,0,0,3,0,0,0,2.3,44,40,20,0,0,0,71,46,0,0,0,0,0,0,0,-1,0,-1,0,-1,0,-1,0,2,1984,101568,1,1,20,benign
5220,1,1,40,52,40,52,40,52,40,52,0,0,0,0,-1,-1,-1,-1,0,0,0,0,0,0,0,0,20,20,191.5708812,191.5708812,383.1417625,17624.52107,40,52,46,8.426149773,5220,5220,5220,0,1,0,0,0,2,0,0,0,1.3,46,40,20,0,0,0,0,52,0,0,0,0,0,0,0,-1,0,-1,0,-1,0,-1,0,2,1920,88704,1,1,20,benign
19609,1,2,52,719,52,52,52,667,52,359.5,0,434.8695207,0,17423,-1,17423,-1,17423,0,17423,0,0,0,1,0,0,20,40,50.99699118,101.9939824,152.9909735,39318.6802,52,667,257,355.0697115,2186,17423,9804.5,10774.18598,0,0,0,1,3,0,0,0,13.82692308,257,52,20,0,0,0,189111.5,359,0,0,0,0,0,0,0,-1,0,-1,0,-1,0,-1,0,3,128512,10496,1,1,32,benign
573997,121,273,7352,345069,52,52,770,1390,60.76033058,1263.989011,68.64407292,360.5060779,573997,539234,1,1,190126,121950,4783.308333,1982.477941,18390.28196,10861.8467,3,29,0,0,2420,5460,210.8024955,475.6122419,686.4147374,613977.0765,52,1390,894.4695431,632.6488302,1,121950,1460.552163,7678.645183,0,2,0,32,393,0,0,0,46.93539173,894.4695431,60.76033058,2420,566,10,59023,129964.6322,1263,22981,18,2308209,0,0,0,0,-1,0,-1,0,-1,0,-1,0,2,4194240,1853440,271,121,32,benign
128911,1,1,68,161,68,161,68,161,68,161,0,0,0,0,-1,-1,-1,-1,0,0,0,0,0,0,0,0,20,20,7.757289913,7.757289913,15.51457983,1776.41939,68,161,114.5,65.75332691,128911,128911,128911,0,0,0,0,0,0,0,0,0,2.367647059,114.5,68,20,0,0,0,0,161,0,0,0,0,0,0,0,-1,0,-1,0,-1,0,-1,0,2,0,0,0,1,0,benign
0,1,0,83,0,83,-1,83,-1,83,0,0,0,0,0,-1,-1,-1,-1,0,0,0,0,1,0,0,0,20,0,0,0,0,0,83,83,83,0,-1,-1,0,0,0,0,0,1,1,0,0,0,0,83,83,20,0,0,0,0,0,0,0,0,0,0,0,0,-1,0,-1,0,-1,0,-1,0,2,89792,-1,0,1,32,benign
48236088,10,9,1009,4326,40,40,315,1390,100.9,480.6666667,100.0865736,550.5462061,270874,48213516,2,15,127374,48000731,30097.11111,6026689.5,41731.32191,1.70E+07,3,4,0,0,200,180,0.207313661,0.186582295,0.393895956,110.6018382,40,1390,280.7894737,421.5135531,2,47965199,2679782.667,1.13E+07,1,2,0,7,18,0,0,0,4.287413281,280.7894737,100.9,200,286,4,2221,303101.125,480,3357,4,1777130,10,1009,9,4326,48236073,4.82E+07,48236073,0,47965199,4.80E+07,47965199,0,2,4194240,1868800,8,10,20,benign
1570,1,1,68,148,68,148,68,148,68,148,0,0,0,0,-1,-1,-1,-1,0,0,0,0,0,0,0,0,20,20,636.9426752,636.9426752,1273.88535,137579.6178,68,148,108,56.55970297,1570,1570,1570,0,0,0,0,0,0,0,0,0,2.176470588,108,68,20,0,0,0,0,148,0,0,0,0,0,0,0,-1,0,-1,0,-1,0,-1,0,2,0,0,0,1,0,benign
46176642,5,5,352,642,40,40,172,465,70.4,128.4,57.4504134,188.2287173,178378,46154277,2,16,118752,46000650,44594.5,1.15E+07,51562.64204,2.30E+07,1,2,0,0,100,100,0.108279853,0.108279853,0.216559706,21.52603474,40,465,99.4,134.7150903,2,45998264,5130738,1.53E+07,1,2,0,3,9,0,0,0,1.823863636,99.4,70.4,100,0,0,0,35430.05,128,0,0,0,5,352,5,642,46176642,4.62E+07,46176642,0,45998264,4.60E+07,45998264,0,2,4194240,1868800,4,5,20,benign
1134,1,1,68,148,68,148,68,148,68,148,0,0,0,0,-1,-1,-1,-1,0,0,0,0,0,0,0,0,20,20,881.8342152,881.8342152,1763.66843,190476.1905,68,148,108,56.55970297,1134,1134,1134,0,0,0,0,0,0,0,0,0,2.176470588,108,68,20,0,0,0,0,148,0,0,0,0,0,0,0,-1,0,-1,0,-1,0,-1,0,2,0,0,0,1,0,benign
391249,14,12,1987,7755,52,52,987,1064,141.9285714,646.25,250.0836673,477.194762,391249,345011,2,8,197123,248716,30096.07692,31364.63636,53831.29091,74522.15465,3,4,0,0,280,240,35.78283906,30.67100491,66.45384397,24899.74415,52,1064,374.6923077,445.4811573,2,197123,15649.96,40157.76153,0,2,0,7,25,0,0,0,3.902868646,374.6923077,141.9285714,280,542,8,2602,227714.8409,646,6256,8,4264485,0,0,0,0,-1,0,-1,0,-1,0,-1,0,2,4194240,1145472,11,14,32,benign
29824,1,1,70,268,70,268,70,268,70,268,0,0,0,0,-1,-1,-1,-1,0,0,0,0,0,0,0,0,20,20,33.53004292,33.53004292,67.06008584,11333.15451,70,268,169,140.0035714,29824,29824,29824,0,0,0,0,0,0,0,0,0,3.828571429,169,70,20,0,0,0,0,268,0,0,0,0,0,0,0,-1,0,-1,0,-1,0,-1,0,2,0,0,0,1,0,benign
232624,10,9,2743,5014,52,52,1390,1390,274.3,557.1111111,430.3217272,562.0446923,232624,189114,2,124,70001,72654,25847.11111,23639.25,26681.86721,27579.73634,3,4,0,0,200,180,42.98782585,38.68904326,81.67686911,33345.65651,52,1390,408.2631579,504.0176741,2,40477,12923.55556,16962.06477,0,2,0,7,18,0,0,0,1.827925629,408.2631579,274.3,200,334,4,12723,315894.2361,557,3821,4,1467921,0,0,0,0,-1,0,-1,0,-1,0,-1,0,2,4194240,2722560,7,10,32,benign
1177,1,1,65,243,65,243,65,243,65,243,0,0,0,0,-1,-1,-1,-1,0,0,0,0,0,0,0,0,20,20,849.617672,849.617672,1699.235344,261682.243,65,243,154,125.8610345,1177,1177,1177,0,0,0,0,0,0,0,0,0,3.738461539,154,65,20,0,0,0,0,243,0,0,0,0,0,0,0,-1,0,-1,0,-1,0,-1,0,2,0,0,0,1,0,benign
414917,14,18,3028,9821,52,52,1390,1390,216.2857143,545.6111111,368.6442789,617.5377711,386509,386733,2,6,213627,138373,29731.46154,22749,57592.53201,38881.93353,5,10,0,0,280,360,33.7416881,43.38217041,77.12385851,30967.63931,52,1390,401.53125,541.913187,2,138373,13384.41935,28296.27915,0,2,0,15,31,0,0,0,3.24339498,401.53125,216.2857143,280,291,4,13878,381352.8987,545,4560,6,64062,0,0,0,0,-1,0,-1,0,-1,0,-1,0,2,4194240,2722560,15,14,32,benign
1153424,28,43,6219,27718,52,52,1390,1390,222.1071429,644.6046512,368.7156728,622.4721313,1125123,1124189,2,6,444501,444168,41671.22222,26766.40476,89529.51071,72023.07682,11,26,0,0,560,860,24.27554828,37.28030629,61.55585457,29422.8315,52,1390,477.9859155,572.8564765,2,416260,16477.48571,52865.78836,0,2,0,37,70,0,0,0,4.456986654,477.9859155,222.1071429,560,369,5,22826,387471.5543,644,6689,8,136137,0,0,0,0,-1,0,-1,0,-1,0,-1,0,2,4194240,2722560,34,28,32,benign
971,1,1,72,112,72,112,72,112,72,112,0,0,0,0,-1,-1,-1,-1,0,0,0,0,0,0,0,0,20,20,1029.866117,1029.866117,2059.732235,189495.3656,72,112,92,28.26658805,971,971,971,0,0,0,0,0,0,0,0,0,1.555555556,92,72,20,0,0,0,0,112,0,0,0,0,0,0,0,-1,0,-1,0,-1,0,-1,0,2,0,0,0,1,0,benign
335876,10,10,1848,6414,52,52,729,1390,184.8,641.4,250.5989714,612.4843218,335876,251697,2,8,118250,113000,37319.55556,27966.33333,38421.80344,41454.26225,3,4,0,0,200,200,29.77289238,29.77289238,59.54578475,24598.36368,52,1390,413.1,512.1600696,2,73684,17677.68421,24636.03536,0,2,0,7,19,0,0,0,3.470779221,413.1,184.8,200,0,0,0,375137.0444,641,4356,5,3384615,0,0,0,0,-1,0,-1,0,-1,0,-1,0,2,4194240,926720,8,10,32,benign
0,1,0,52,0,52,-1,52,-1,52,0,0,0,0,0,-1,-1,-1,-1,0,0,0,0,0,0,0,0,20,0,0,0,0,0,52,52,52,0,-1,-1,0,0,0,0,0,0,1,0,0,0,0,52,52,20,0,0,0,0,0,0,0,0,0,0,0,0,-1,0,-1,0,-1,0,-1,0,2,5824,-1,0,1,32,benign
54726,1,1,71,213,71,213,71,213,71,213,0,0,0,0,-1,-1,-1,-1,0,0,0,0,0,0,0,0,20,20,18.2728502,18.2728502,36.5457004,5189.489457,71,213,142,100.4041832,54726,54726,54726,0,0,0,0,0,0,0,0,0,3,142,71,20,0,0,0,0,213,0,0,0,0,0,0,0,-1,0,-1,0,-1,0,-1,0,2,0,0,0,1,0,benign
17867,3,0,864,0,52,-1,729,-1,288,0,382.2309511,0,17867,0,5868,-1,11999,-1,8933.5,0,4335.27156,0,2,0,0,0,60,0,167.9073152,0,167.9073152,48357.30677,52,729,288,382.2309511,5868,11999,8933.5,4335.27156,1,0,0,2,3,0,0,0,0,288,288,60,0,0,0,0,0,0,0,0,0,0,0,0,-1,0,-1,0,-1,0,-1,0,4,104320,-1,0,3,32,benign
59999002,5,2,2093,719,52,52,592,667,418.6,359.5,220.089868,434.8695207,59999002,27852,2,27852,59948759,27852,1.50E+07,27852,3.00E+07,0,4,1,0,0,100,40,0.08333472,0.033333888,0.116668607,46.86744623,52,667,401.7142857,254.2506731,2,59948759,9999833.667,2.45E+07,0,0,0,5,7,0,0,0,0.343526039,401.7142857,418.6,100,0,0,0,189111.5,359,0,0,0,5,2093,2,719,59999000,6.00E+07,59999000,0,59948759,5.99E+07,59948759,0,3,126080,10240,1,5,32,benign
59731801,10,11,1849,6497,52,52,730,1390,184.9,590.6363636,250.8403432,604.9543409,343499,59669894,3,8,108249,59433034,38166.55556,5966989.4,38778.89504,1.88E+07,3,5,0,0,200,220,0.167415009,0.18415651,0.351571519,139.7245665,52,1390,397.4285714,504.3952886,3,59388286,2986590.05,1.33E+07,1,2,0,8,20,0,0,0,3.513791239,397.4285714,184.9,200,0,0,0,365969.7545,590,4356,5,2665850,10,1849,11,6497,59731785,5.97E+07,59731785,0,59388286,5.94E+07,59388286,0,2,4194240,926720,10,10,32,benign
0,1,0,52,0,52,-1,52,-1,52,0,0,0,0,0,-1,-1,-1,-1,0,0,0,0,0,0,0,0,20,0,0,0,0,0,52,52,52,0,-1,-1,0,0,0,0,0,0,1,0,0,0,0,52,52,20,0,0,0,0,0,0,0,0,0,0,0,0,-1,0,-1,0,-1,0,-1,0,2,5056,-1,0,1,32,benign
55670,1,1,71,213,71,213,71,213,71,213,0,0,0,0,-1,-1,-1,-1,0,0,0,0,0,0,0,0,20,20,17.96299623,17.96299623,35.92599246,5101.490929,71,213,142,100.4041832,55670,55670,55670,0,0,0,0,0,0,0,0,0,3,142,71,20,0,0,0,0,213,0,0,0,0,0,0,0,-1,0,-1,0,-1,0,-1,0,2,0,0,0,1,0,benign
162126,3,0,187,0,52,-1,83,-1,62.33333333,0,17.88388474,0,162126,0,12127,-1,149999,-1,81063,0,97490.22613,0,1,0,0,0,60,0,18.50412642,0,18.50412642,1153.42388,52,83,62.33333333,17.88388474,12127,149999,81063,97490.22613,1,0,0,1,3,0,0,0,0,62.33333333,62.33333333,60,0,0,0,0,0,0,0,0,0,0,0,0,-1,0,-1,0,-1,0,-1,0,4,104320,-1,0,3,32,benign
0,1,0,40,0,40,-1,40,-1,40,0,0,0,0,0,-1,-1,-1,-1,0,0,0,0,0,0,0,0,20,0,0,0,0,0,40,40,40,0,-1,-1,0,0,0,0,0,0,1,0,0,0,0,40,40,20,0,0,0,0,0,0,0,0,0,0,0,0,-1,0,-1,0,-1,0,-1,0,2,1026304,-1,0,1,20,benign
1499,2,0,80,0,40,-1,40,-1,40,0,1,0,1499,0,1499,-1,1499,-1,1499,0,0,0,0,0,0,0,40,0,1334.222815,0,1334.222815,53368.91261,40,40,40,1,1499,1499,1499,0,1,0,0,0,2,0,0,0,0,40,40,40,0,0,0,0,0,0,0,0,0,0,0,0,-1,0,-1,0,-1,0,-1,0,3,4194240,-1,0,2,20,benign
184001,3,4,984,375,40,40,884,235,328,93.75,481.6134342,94.63570503,96000,97984,2124,13,93876,97172,48000,32661.33333,64878.46138,55869.2584,1,1,0,0,60,80,16.30425922,21.73901229,38.0432715,7385.829425,40,884,194.1428571,312.207158,13,87189,30666.83333,43416.66002,1,2,0,2,6,0,0,0,0.381097561,194.1428571,328,60,0,0,0,8955.916667,93,0,0,0,0,0,0,0,-1,0,-1,0,-1,0,-1,0,2,4194240,829440,3,3,20,benign
113611,1,1,64,106,64,106,64,106,64,106,0,0,0,0,-1,-1,-1,-1,0,0,0,0,0,0,0,0,20,20,8.801964599,8.801964599,17.6039292,1496.333982,64,106,85,29.68164416,113611,113611,113611,0,0,0,0,0,0,0,0,0,1.65625,85,64,20,0,0,0,0,106,0,0,0,0,0,0,0,-1,0,-1,0,-1,0,-1,0,2,0,0,0,1,0,benign
0,1,0,83,0,83,-1,83,-1,83,0,0,0,0,0,-1,-1,-1,-1,0,0,0,0,1,0,0,0,20,0,0,0,0,0,83,83,83,0,-1,-1,0,0,0,0,0,1,1,0,0,0,0,83,83,20,0,0,0,0,0,0,0,0,0,0,0,0,-1,0,-1,0,-1,0,-1,0,2,89792,-1,0,1,32,benign
59361306,10,12,1849,6578,52,52,730,1390,184.9,548.1666667,250.8403432,594.9692633,315250,59327602,3,9,100502,59053661,35027.77778,5393418.364,34101.22723,1.78E+07,3,6,0,0,200,240,0.168459906,0.202151887,0.370611792,141.9611624,52,1390,383.0454545,496.6534652,3,59046040,2826728.857,1.29E+07,1,2,0,9,21,0,0,0,3.557598702,383.0454545,184.9,200,0,0,0,353988.4242,548,4356,5,3312547,10,1849,12,6578,59361290,5.94E+07,59361290,0,59046040,5.90E+07,59046040,0,2,4194240,926720,11,10,32,benign
0,1,0,52,0,52,-1,52,-1,52,0,0,0,0,0,-1,-1,-1,-1,0,0,0,0,0,0,0,0,20,0,0,0,0,0,52,52,52,0,-1,-1,0,0,0,0,0,0,1,0,0,0,0,52,52,20,0,0,0,0,0,0,0,0,0,0,0,0,-1,0,-1,0,-1,0,-1,0,2,5120,-1,0,1,32,benign
33312,1,1,71,414,71,414,71,414,71,414,0,0,0,0,-1,-1,-1,-1,0,0,0,0,0,0,0,0,20,20,30.0192123,30.0192123,60.03842459,14559.31796,71,414,242.5,242.5355644,33312,33312,33312,0,0,0,0,0,0,0,0,0,5.830985916,242.5,71,20,0,0,0,0,414,0,0,0,0,0,0,0,-1,0,-1,0,-1,0,-1,0,2,0,0,0,1,0,benign
207005,4,0,239,0,52,-1,83,-1,59.75,0,15.48924358,0,207005,0,2,-1,168753,-1,69001.66667,0,88478.66269,0,1,0,0,0,80,0,19.32320475,0,19.32320475,1154.561484,52,83,59.75,15.48924358,2,168753,69001.66667,88478.66269,1,0,0,1,4,0,0,0,0,59.75,59.75,80,239,4,1154,0,0,0,0,0,0,0,0,0,-1,0,-1,0,-1,0,-1,0,5,104320,-1,0,4,32,benign
635336,2,2,116,116,52,52,64,64,58,58,8.426149773,8.426149773,1125,635336,1125,635336,1125,635336,1125,635336,0,0,1,1,0,0,40,40,3.147940617,3.147940617,6.295881235,365.1611116,52,64,58,6.904105059,1125,319863,211778.6667,182452.2657,0,0,0,2,4,0,0,0,1,58,58,40,0,0,0,71,58,0,0,0,0,0,0,0,-1,0,-1,0,-1,0,-1,0,2,88704,151680,2,2,32,benign
59941101,4,3,1125,1386,52,52,591,667,281.25,462,272.7524824,355.0697115,59938135,59939159,4,16776,59898766,59922383,2.00E+07,3.00E+07,3.46E+07,4.24E+07,2,2,0,0,80,60,0.066732174,0.050049131,0.116781305,41.89112242,52,667,358.7142857,297.5842818,4,59898766,9990183.5,2.45E+07,0,0,0,4,7,0,0,0,1.232,358.7142857,281.25,80,0,0,0,126074.5,462,0,0,0,4,1125,3,1386,59901732,5.99E+07,59901732,0,59898766,5.99E+07,59898766,0,2,124800,9728,2,4,32,benign
29520629,2,0,80,0,40,-1,40,-1,40,0,1,0,29520629,0,29520629,-1,29520629,-1,2.95E+07,0,0,0,0,0,0,0,40,0,0.067749234,0,0.067749234,2.709969357,40,40,40,1,29520629,29520629,2.95E+07,0,2,0,0,0,2,0,0,0,0,40,40,40,0,0,0,0,0,0,0,0,2,80,0,0,29520629,2.95E+07,29520629,0,29520629,2.95E+07,29520629,0,3,127616,-1,0,2,20,benign
325,2,0,104,0,52,-1,52,-1,52,0,1,0,325,0,325,-1,325,-1,325,0,0,0,0,0,0,0,40,0,6153.846154,0,6153.846154,320000,52,52,52,1,325,325,325,0,0,0,0,0,2,0,0,0,0,52,52,40,0,0,0,0,0,0,0,0,0,0,0,0,-1,0,-1,0,-1,0,-1,0,3,5120,-1,0,2,32,benign
59619137,10,11,1849,6497,52,52,730,1390,184.9,590.6363636,250.8403432,604.9543409,334875,59585518,2,8,105747,59328008,37208.33333,5958551.8,40997.54571,1.88E+07,3,5,0,0,200,220,0.167731378,0.184504516,0.352235894,139.988608,52,1390,397.4285714,504.3952886,2,59284248,2980956.85,1.33E+07,1,2,0,8,20,0,0,0,3.513791239,397.4285714,184.9,200,0,0,0,365969.7545,590,4356,5,3136069,10,1849,11,6497,59619123,5.96E+07,59619123,0,59284248,5.93E+07,59284248,0,2,4194240,926720,10,10,32,benign
573,1,1,71,414,71,414,71,414,71,414,0,0,0,0,-1,-1,-1,-1,0,0,0,0,0,0,0,0,20,20,1745.200698,1745.200698,3490.401396,846422.3386,71,414,242.5,242.5355644,573,573,573,0,0,0,0,0,0,0,0,0,5.830985916,242.5,71,20,0,0,0,0,414,0,0,0,0,0,0,0,-1,0,-1,0,-1,0,-1,0,2,0,0,0,1,0,benign
72252,3,0,187,0,52,-1,83,-1,62.33333333,0,17.88388474,0,72252,0,3,-1,72249,-1,36126,0,51085.6365,0,1,0,0,0,60,0,41.52134197,0,41.52134197,2588.163649,52,83,62.33333333,17.88388474,3,72249,36126,51085.6365,1,0,0,1,3,0,0,0,0,62.33333333,62.33333333,60,0,0,0,0,0,0,0,0,0,0,0,0,-1,0,-1,0,-1,0,-1,0,4,104320,-1,0,3,32,benign
7370377,2,0,80,0,40,-1,40,-1,40,0,1,0,7370377,0,7370377,-1,7370377,-1,7370377,0,0,0,0,0,0,0,40,0,0.27135654,0,0.27135654,10.85426159,40,40,40,1,7370377,7370377,7370377,0,2,0,0,0,2,0,0,0,0,40,40,40,0,0,0,0,0,0,0,0,2,80,0,0,7370377,7370377,7370377,0,7370377,7370377,7370377,0,3,127616,-1,0,2,20,benign
1839126,2,0,80,0,40,-1,40,-1,40,0,1,0,1839126,0,1839126,-1,1839126,-1,1839126,0,0,0,0,0,0,0,40,0,1.087473071,0,1.087473071,43.49892286,40,40,40,1,1839126,1839126,1839126,0,2,0,0,0,2,0,0,0,0,40,40,40,0,0,0,0,0,0,0,0,2,80,0,0,1839126,1839126,1839126,0,1839126,1839126,1839126,0,3,127616,-1,0,2,20,benign
1871,1,1,52,52,52,52,52,52,52,52,0,0,0,0,-1,-1,-1,-1,0,0,0,0,0,0,0,0,20,20,534.4735436,534.4735436,1068.947087,55585.24853,52,52,52,1,1871,1871,1871,0,1,0,0,0,2,0,0,0,1,52,52,20,0,0,0,0,52,0,0,0,0,0,0,0,-1,0,-1,0,-1,0,-1,0,2,60096,89600,1,1,32,benign
462501,2,0,80,0,40,-1,40,-1,40,0,1,0,462501,0,462501,-1,462501,-1,462501,0,0,0,0,0,0,0,40,0,4.324314975,0,4.324314975,172.972599,40,40,40,1,462501,462501,462501,0,2,0,0,0,2,0,0,0,0,40,40,40,0,0,0,0,0,0,0,0,0,0,0,0,-1,0,-1,0,-1,0,-1,0,3,127616,-1,0,2,20,benign
53676260,9,0,747,0,83,-1,83,-1,83,0,0.353553391,0,53676260,0,199994,-1,26969380,-1,6709532.5,0,9325719.861,0,9,0,0,0,180,0,0.167671891,0,0.167671891,13.91676693,83,83,83,0.353553391,199994,26969380,6709532.5,9325719.861,0,0,0,9,9,0,0,0,0,83,83,180,332,4,228,0,0,0,0,0,1,149,0,0,3146248,1.07E+07,26969380,9985348.674,1691003,1.04E+07,26969380,1.03E+07,10,89792,-1,0,9,32,benign
59980164,3,2,1074,719,52,52,592,667,358,359.5,277.1055755,434.8695207,59955643,59980164,5,59980164,59955638,59980164,3.00E+07,6.00E+07,4.24E+07,0,2,1,0,0,60,40,0.050016536,0.033344357,0.083360892,29.89321603,52,667,358.6,292.6987359,5,59955638,1.50E+07,3.00E+07,0,0,0,3,5,0,0,0,0.669459963,358.6,358,60,0,0,0,189111.5,359,0,0,0,3,1074,2,719,59957652,6.00E+07,59957652,0,59955638,6.00E+07,59955638,0,2,123584,9408,2,3,32,benign
59565415,10,13,1849,6630,52,52,730,1390,184.9,510,250.8403432,586.0259522,386126,59524372,2,9,78248,59181113,42902.88889,4960364.333,32328.40569,1.71E+07,3,6,0,0,200,260,0.167882655,0.218247451,0.386130106,142.3477029,52,1390,368.6521739,490.119847,2,59178814,2707518.864,1.26E+07,1,2,0,9,22,0,0,0,3.585722012,368.6521739,184.9,200,0,0,0,343426.4167,510,4356,5,195792,10,1849,13,6630,59564940,5.96E+07,59564940,0,59178814,5.92E+07,59178814,0,2,4194240,926720,11,10,32,benign
0,1,0,52,0,52,-1,52,-1,52,0,0,0,0,0,-1,-1,-1,-1,0,0,0,0,0,0,0,0,20,0,0,0,0,0,52,52,52,0,-1,-1,0,0,0,0,0,0,1,0,0,0,0,52,52,20,0,0,0,0,0,0,0,0,0,0,0,0,-1,0,-1,0,-1,0,-1,0,2,5760,-1,0,1,32,benign
32948,1,1,71,414,71,414,71,414,71,414,0,0,0,0,-1,-1,-1,-1,0,0,0,0,0,0,0,0,20,20,30.35085589,30.35085589,60.70171179,14720.16511,71,414,242.5,242.5355644,32948,32948,32948,0,0,0,0,0,0,0,0,0,5.830985916,242.5,71,20,0,0,0,0,414,0,0,0,0,0,0,0,-1,0,-1,0,-1,0,-1,0,2,0,0,0,1,0,benign
630498,4,0,239,0,52,-1,83,-1,59.75,0,15.48924358,0,630498,0,1243,-1,586758,-1,210166,0,326789.8774,0,1,0,0,0,80,0,6.344191417,0,6.344191417,379.0654372,52,83,59.75,15.48924358,1243,586758,210166,326789.8774,1,0,0,1,4,0,0,0,0,59.75,59.75,80,239,4,379,0,0,0,0,0,0,0,0,0,-1,0,-1,0,-1,0,-1,0,5,107008,-1,0,4,32,benign
0,1,0,52,0,52,-1,52,-1,52,0,0,0,0,0,-1,-1,-1,-1,0,0,0,0,0,0,0,0,20,0,0,0,0,0,52,52,52,0,-1,-1,0,0,0,0,0,0,1,0,0,0,0,52,52,20,0,0,0,0,0,0,0,0,0,0,0,0,-1,0,-1,0,-1,0,-1,0,2,89792,-1,0,1,32,benign
59995917,5,3,2095,771,52,52,592,667,419,257,220.478457,355.0697115,59975389,59975463,5,14897,59938015,59960566,1.50E+07,3.00E+07,3.00E+07,4.24E+07,4,1,0,0,100,60,0.083339005,0.050003403,0.133342407,47.76991741,52,667,358.25,266.1365117,5,59938015,8570845.286,2.27E+07,0,0,0,5,8,0,0,0,0.368019093,358.25,419,100,0,0,0,126074.5,257,0,0,0,5,2095,3,771,59975384,6.00E+07,59975384,0,59938015,5.99E+07,59938015,0,3,121152,9152,2,5,32,benign
59075528,2,3,782,612,52,52,730,477,391,204,479.4173547,236.9314247,68871,59012791,68871,17,68871,59012774,68871,2.95E+07,0,4.17E+07,1,2,0,0,40,60,0.033854966,0.050782449,0.084637415,23.5969114,52,730,278.8,309.8700534,17,59006640,1.48E+07,2.95E+07,1,0,0,3,5,0,0,0,0.782608696,278.8,391,40,0,0,0,56136.5,204,0,0,0,2,782,3,612,59075511,5.91E+07,59075511,0,59006640,5.90E+07,59006640,0,2,104320,5824,3,2,32,benign
50494,3,2,1073,719,52,52,591,667,357.6666667,359.5,276.683634,434.8695207,50494,28247,4,28247,50490,28247,25247,28247,35698.99294,0,2,1,0,0,60,40,59.41299956,39.60866638,99.02166594,35489.36507,52,667,358.4,292.4996581,4,28247,12623.5,13850.87872,0,0,0,3,5,0,0,0,0.670083877,358.4,357.6666667,60,0,0,0,189111.5,359,0,0,0,0,0,0,0,-1,0,-1,0,-1,0,-1,0,3,119936,8896,1,3,32,benign
310750,10,9,1849,6362,52,52,730,1390,184.9,706.8888889,250.8403432,611.3756915,310750,230839,2,8,109875,109810,34527.77778,28854.875,36929.24383,40913.14126,3,4,0,0,200,180,32.18020917,28.96218825,61.14239743,26423.16975,52,1390,432.1578947,518.9299635,2,68625,17263.88889,23399.73281,0,2,0,7,18,0,0,0,3.440778799,432.1578947,184.9,200,0,0,0,373780.2361,706,4356,5,2715710,0,0,0,0,-1,0,-1,0,-1,0,-1,0,2,4194240,926720,8,10,32,benign
0,1,0,52,0,52,-1,52,-1,52,0,0,0,0,0,-1,-1,-1,-1,0,0,0,0,0,0,0,0,20,0,0,0,0,0,52,52,52,0,-1,-1,0,0,0,0,0,0,1,0,0,0,0,52,52,20,0,0,0,0,0,0,0,0,0,0,0,0,-1,0,-1,0,-1,0,-1,0,2,5056,-1,0,1,32,benign
33048,1,1,71,414,71,414,71,414,71,414,0,0,0,0,-1,-1,-1,-1,0,0,0,0,0,0,0,0,20,20,30.25901719,30.25901719,60.51803437,14675.62334,71,414,242.5,242.5355644,33048,33048,33048,0,0,0,0,0,0,0,0,0,5.830985916,242.5,71,20,0,0,0,0,414,0,0,0,0,0,0,0,-1,0,-1,0,-1,0,-1,0,2,0,0,0,1,0,benign
76124,4,0,239,0,52,-1,83,-1,59.75,0,15.48924358,0,76124,0,1375,-1,37747,-1,25374.66667,0,20787.65874,0,1,0,0,0,80,0,52.54584625,0,52.54584625,3139.614313,52,83,59.75,15.48924358,1375,37747,25374.66667,20787.65874,1,0,0,1,4,0,0,0,0,59.75,59.75,80,239,4,3139,0,0,0,0,0,0,0,0,0,-1,0,-1,0,-1,0,-1,0,5,104320,-1,0,4,32,benign
29541881,2,0,104,0,52,-1,52,-1,52,0,1,0,29541881,0,29541881,-1,29541881,-1,2.95E+07,0,0,0,0,0,0,0,40,0,0.067700496,0,0.067700496,3.520425798,52,52,52,1,29541881,29541881,2.95E+07,0,2,0,0,0,2,0,0,0,0,52,52,40,0,0,0,0,0,0,0,0,2,104,0,0,29541881,2.95E+07,29541881,0,29541881,2.95E+07,29541881,0,3,522880,-1,0,2,32,benign
7371125,2,0,104,0,52,-1,52,-1,52,0,1,0,7371125,0,7371125,-1,7371125,-1,7371125,0,0,0,0,0,0,0,40,0,0.271329003,0,0.271329003,14.10910818,52,52,52,1,7371125,7371125,7371125,0,2,0,0,0,2,0,0,0,0,52,52,40,0,0,0,0,0,0,0,0,2,104,0,0,7371125,7371125,7371125,0,7371125,7371125,7371125,0,3,522880,-1,0,2,32,benign
1840126,2,0,104,0,52,-1,52,-1,52,0,1,0,1840126,0,1840126,-1,1840126,-1,1840126,0,0,0,0,0,0,0,40,0,1.086882094,0,1.086882094,56.51786889,52,52,52,1,1840126,1840126,1840126,0,2,0,0,0,2,0,0,0,0,52,52,40,0,0,0,0,0,0,0,0,2,104,0,0,1840126,1840126,1840126,0,1840126,1840126,1840126,0,3,522880,-1,0,2,32,benign
461875,2,0,104,0,52,-1,52,-1,52,0,1,0,461875,0,461875,-1,461875,-1,461875,0,0,0,0,0,0,0,40,0,4.330175913,0,4.330175913,225.1691475,52,52,52,1,461875,461875,461875,0,2,0,0,0,2,0,0,0,0,52,52,40,0,0,0,0,0,0,0,0,0,0,0,0,-1,0,-1,0,-1,0,-1,0,3,522880,-1,0,2,32,benign
45000,2,1,139,85,52,85,87,85,69.5,85,24.72852604,0,45000,0,45000,-1,45000,-1,45000,0,0,0,1,1,0,0,40,20,44.44444444,22.22222222,66.66666667,4977.777778,52,87,74.66666667,19.64264069,3830,41170,22500,26403.36719,0,0,0,2,3,0,0,0,0.611510791,74.66666667,69.5,40,0,0,0,0,85,0,0,0,0,0,0,0,-1,0,-1,0,-1,0,-1,0,2,92992,22336,1,2,32,benign
654980,1,2,64,116,64,52,64,64,64,58,0,8.426149773,0,654980,-1,654980,-1,654980,0,654980,0,0,1,1,0,0,20,40,1.526764176,3.053528352,4.580292528,274.8175517,52,64,60,6.892024376,303164,351816,327490,34402.1591,0,0,0,2,3,0,0,0,1.8125,60,64,20,0,0,0,71,58,0,0,0,0,0,0,0,-1,0,-1,0,-1,0,-1,0,2,88704,152064,2,1,32,benign
0,1,0,52,0,52,-1,52,-1,52,0,0,0,0,0,-1,-1,-1,-1,0,0,0,0,0,0,0,0,20,0,0,0,0,0,52,52,52,0,-1,-1,0,0,0,0,0,0,1,0,0,0,0,52,52,20,0,0,0,0,0,0,0,0,0,0,0,0,-1,0,-1,0,-1,0,-1,0,2,5824,-1,0,1,32,benign
59884950,11,11,1901,6497,52,52,730,1390,172.8181818,590.6363636,241.3181792,604.9543409,260625,59851181,2,8,109376,59670767,26062.5,5985118.1,33547.74813,1.89E+07,3,5,0,0,220,220,0.18368555,0.18368555,0.367371101,140.2355684,52,1390,381.7272727,497.7180959,2,59624309,2851664.286,1.30E+07,1,2,0,8,21,0,0,0,3.417674908,381.7272727,172.8181818,220,208,4,34666666,365969.7545,590,4356,5,3844660,11,1901,11,6497,59884934,5.99E+07,59884934,0,59624309,5.96E+07,59624309,0,2,4194240,926720,10,11,32,benign
548,1,1,71,414,71,414,71,414,71,414,0,0,0,0,-1,-1,-1,-1,0,0,0,0,0,0,0,0,20,20,1824.817518,1824.817518,3649.635036,885036.4964,71,414,242.5,242.5355644,548,548,548,0,0,0,0,0,0,0,0,0,5.830985916,242.5,71,20,0,0,0,0,414,0,0,0,0,0,0,0,-1,0,-1,0,-1,0,-1,0,2,0,0,0,1,0,benign
23994,3,0,865,0,52,-1,730,-1,288.3333333,0,382.8078282,0,23994,0,3869,-1,20125,-1,11997,0,11494.72779,0,2,0,0,0,60,0,125.0312578,0,125.0312578,36050.67934,52,730,288.3333333,382.8078282,3869,20125,11997,11494.72779,1,0,0,2,3,0,0,0,0,288.3333333,288.3333333,60,0,0,0,0,0,0,0,0,0,0,0,0,-1,0,-1,0,-1,0,-1,0,4,104320,-1,0,3,32,benign
59978910,4,3,1126,1386,52,52,592,667,281.5,462,273.1312261,355.0697115,59976880,59976962,1120,27003,59926635,59949959,2.00E+07,3.00E+07,3.46E+07,4.24E+07,2,2,0,0,80,60,0.066690108,0.050017581,0.116707689,41.88138797,52,667,358.8571429,297.7145885,1120,59926635,9996485,2.45E+07,0,0,0,4,7,0,0,0,1.230905862,358.8571429,281.5,80,0,0,0,126074.5,462,0,0,0,4,1126,3,1386,59928665,5.99E+07,59928665,0,59926635,5.99E+07,59926635,0,2,118656,8384,2,4,32,benign
253961010,1,2,40,92,40,40,40,52,40,46,0,8.426149773,0,253751415,-1,253751415,-1,253751415,0,2.54E+08,0,0,0,0,0,0,20,40,0.003937612,0.007875225,0.011812837,0.519764825,40,52,44,6.892024376,209595,253751415,1.27E+08,1.79E+08,2,0,0,0,3,0,0,0,2.3,44,40,20,0,0,0,71,46,0,0,0,1,40,2,92,253961010,2.54E+08,253961010,0,253751415,2.54E+08,253751415,0,2,1920,127616,1,1,20,benign
59935162,10,11,1848,6497,52,52,729,1390,184.8,590.6363636,250.5989714,604.9543409,373123,59901070,3,7,109747,59599194,41458.11111,5990107,41387.13549,1.88E+07,3,5,0,0,200,220,0.166846967,0.183531664,0.350378631,139.233794,52,1390,397.3809524,504.3623674,3,59562024,2996758.1,1.33E+07,1,2,0,8,20,0,0,0,3.515692641,397.3809524,184.8,200,0,0,0,365969.7545,590,4356,5,3400468,10,1848,11,6497,59935147,5.99E+07,59935147,0,59562024,5.96E+07,59562024,0,2,4194240,926720,10,10,32,benign
0,1,0,52,0,52,-1,52,-1,52,0,0,0,0,0,-1,-1,-1,-1,0,0,0,0,0,0,0,0,20,0,0,0,0,0,52,52,52,0,-1,-1,0,0,0,0,0,0,1,0,0,0,0,52,52,20,0,0,0,0,0,0,0,0,0,0,0,0,-1,0,-1,0,-1,0,-1,0,2,5824,-1,0,1,32,benign
33460,1,1,71,414,71,414,71,414,71,414,0,0,0,0,-1,-1,-1,-1,0,0,0,0,0,0,0,0,20,20,29.88643156,29.88643156,59.77286312,14494.91931,71,414,242.5,242.5355644,33460,33460,33460,0,0,0,0,0,0,0,0,0,5.830985916,242.5,71,20,0,0,0,0,414,0,0,0,0,0,0,0,-1,0,-1,0,-1,0,-1,0,2,0,0,0,1,0,benign
387509,4,0,239,0,52,-1,83,-1,59.75,0,15.48924358,0,387509,0,5,-1,352378,-1,129169.6667,0,194100.0804,0,1,0,0,0,80,0,10.3223409,0,10.3223409,616.7598688,52,83,59.75,15.48924358,5,352378,129169.6667,194100.0804,1,0,0,1,4,0,0,0,0,59.75,59.75,80,239,4,616,0,0,0,0,0,0,0,0,0,-1,0,-1,0,-1,0,-1,0,5,107008,-1,0,4,32,benign
59957,1,1,52,52,52,52,52,52,52,52,0,0,0,0,-1,-1,-1,-1,0,0,0,0,0,0,0,0,20,20,16.67861968,16.67861968,33.35723935,1734.576446,52,52,52,1,59957,59957,59957,0,1,0,0,0,2,0,0,0,1,52,52,20,0,0,0,0,52,0,0,0,0,0,0,0,-1,0,-1,0,-1,0,-1,0,2,88704,15040,1,1,32,benign
140877,3,2,536,392,52,60,424,332,178.6666667,196,212.5013725,192.3304448,72246,80577,3872,80577,68374,80577,36123,80577,45609.80159,0,1,0,0,0,60,40,21.29517238,14.19678159,35.49195397,6587.306658,52,424,185.6,178.6520361,3872,68631,35219.25,33984.81885,1,2,0,1,4,0,0,0,0.731343284,185.6,178.6666667,60,0,0,0,36991,196,0,0,0,0,0,0,0,-1,0,-1,0,-1,0,-1,0,2,4194240,1853440,2,3,32,benign
55287,1,1,69,85,69,85,69,85,69,85,0,0,0,0,-1,-1,-1,-1,0,0,0,0,0,0,0,0,20,20,18.08743466,18.08743466,36.17486932,2785.464938,69,85,77,11.26942767,55287,55287,55287,0,0,0,0,0,0,0,0,0,1.231884058,77,69,20,0,0,0,0,85,0,0,0,0,0,0,0,-1,0,-1,0,-1,0,-1,0,2,0,0,0,1,0,benign
300112298,5,3,520,1135,52,52,304,1023,104,378.3333333,111.8559341,558.3115916,300112298,30209,1500,3090,300048175,27119,7.50E+07,15104.5,1.50E+08,16991.06882,1,1,0,0,100,60,0.01666043,0.009996258,0.026656688,5.514602404,52,1023,206.875,341.1287723,1500,300048175,4.29E+07,1.13E+08,1,2,0,2,7,0,0,0,2.182692308,206.875,104,100,0,0,0,311711.8333,378,0,0,0,5,520,3,1135,300112298,3.00E+08,300112298,0,300048175,3.00E+08,300048175,0,2,4194240,1853440,2,5,32,benign
77248,1,1,65,197,65,197,65,197,65,197,0,0,0,0,-1,-1,-1,-1,0,0,0,0,0,0,0,0,20,20,12.94531897,12.94531897,25.89063795,3391.673571,65,197,131,93.33273809,77248,77248,77248,0,0,0,0,0,0,0,0,0,3.030769231,131,65,20,0,0,0,0,197,0,0,0,0,0,0,0,-1,0,-1,0,-1,0,-1,0,2,0,0,0,1,0,benign
46057103,5,17,424,18349,40,40,244,1390,84.8,1079.352941,89.41448429,535.1521327,209375,46034486,4623,2,151874,45853700,52343.75,2877155.375,67164.36736,1.15E+07,1,2,0,0,100,340,0.108560888,0.369107019,0.477667907,407.6027101,40,1390,853.3181818,633.8035512,2,45847728,2193195.381,1.00E+07,1,2,0,3,21,0,0,0,43.2759434,853.3181818,84.8,100,0,0,0,286387.8051,1079,14622,12,233283,5,424,17,18349,46057103,4.61E+07,46057103,0,45847728,4.58E+07,45847728,0,2,4194240,1868800,16,5,20,benign
57357,1,1,62,142,62,142,62,142,62,142,0,0,0,0,-1,-1,-1,-1,0,0,0,0,0,0,0,0,20,20,17.4346636,17.4346636,34.8693272,3556.671374,62,142,102,56.55970297,57357,57357,57357,0,0,0,0,0,0,0,0,0,2.290322581,102,62,20,0,0,0,0,142,0,0,0,0,0,0,0,-1,0,-1,0,-1,0,-1,0,2,0,0,0,1,0,benign
240284343,8,9,1772,1250,52,52,820,548,221.5,138.8888889,300.0188089,162.1326189,407877,240268852,2,84,184876,239939887,58268.14286,3.00E+07,75644.29818,8.48E+07,3,4,0,0,160,180,0.033293888,0.037455624,0.070749512,12.57676619,52,820,177.7647059,233.0879741,2,239876466,1.50E+07,6.00E+07,1,2,0,7,16,0,0,0,0.705417607,177.7647059,221.5,160,0,0,0,26286.98611,138,824,4,7777,8,1772,9,1250,240284343,2.40E+08,240284343,0,239876466,2.40E+08,239876466,0,2,4194240,1853440,5,8,32,benign
1504,1,1,60,252,60,252,60,252,60,252,0,0,0,0,-1,-1,-1,-1,0,0,0,0,0,0,0,0,20,20,664.893617,664.893617,1329.787234,207446.8085,60,252,156,135.7608191,1504,1504,1504,0,0,0,0,0,0,0,0,0,4.2,156,60,20,0,0,0,0,252,0,0,0,0,0,0,0,-1,0,-1,0,-1,0,-1,0,2,0,0,0,1,0,benign
59961174,3,2,1049,719,52,52,567,667,349.6666667,359.5,266.7317629,434.8695207,59938894,59961174,5,59961174,59938889,59961174,3.00E+07,6.00E+07,4.24E+07,0,2,1,0,0,60,40,0.050032376,0.033354917,0.083387293,29.48574689,52,667,353.6,287.8889543,5,59938889,1.50E+07,3.00E+07,0,0,0,3,5,0,0,0,0.685414681,353.6,349.6666667,60,0,0,0,189111.5,359,0,0,0,3,1049,2,719,59940954,5.99E+07,59940954,0,59938889,5.99E+07,59938889,0,2,117440,8064,2,3,32,benign
59109821,2,4,782,664,52,52,730,477,391,166,479.4173547,207.8468988,70118,59075836,70118,270,70118,59041459,70118,1.97E+07,0,3.41E+07,1,2,0,0,40,80,0.033835325,0.06767065,0.101505975,24.46293992,52,730,241,292.2132783,270,59039433,1.18E+07,2.64E+07,1,0,0,3,6,0,0,0,0.849104859,241,391,40,0,0,0,43200.33333,166,0,0,0,2,782,4,664,59109551,5.91E+07,59109551,0,59039433,5.90E+07,59039433,0,2,104320,5824,3,2,32,benign
59993104,3,2,1067,719,52,52,585,667,355.6666667,359.5,274.1638804,434.8695207,59970635,59993104,9994,59993104,59960641,59993104,3.00E+07,6.00E+07,4.24E+07,0,2,1,0,0,60,40,0.050005747,0.033337165,0.083342912,29.77008824,52,667,357.2,291.316752,2048,59960641,1.50E+07,3.00E+07,0,0,0,3,5,0,0,0,0.673851921,357.2,355.6666667,60,0,0,0,189111.5,359,0,0,0,3,1067,2,719,59962689,6.00E+07,59962689,0,59960641,6.00E+07,59960641,0,2,116224,7808,2,3,32,benign
0,1,0,52,0,52,-1,52,-1,52,0,0,0,0,0,-1,-1,-1,-1,0,0,0,0,0,0,0,0,20,0,0,0,0,0,52,52,52,0,-1,-1,0,0,0,0,0,0,1,0,0,0,0,52,52,20,0,0,0,0,0,0,0,0,0,0,0,0,-1,0,-1,0,-1,0,-1,0,2,5824,-1,0,1,32,benign
264751,11,10,1901,6414,52,52,730,1390,172.8181818,641.4,241.3181792,612.4843218,264751,193018,2,9,114626,76172,26475.1,21446.44444,35017.56247,28698.85449,3,4,0,0,220,200,41.54847385,37.77133986,79.31981371,31406.8691,52,1390,395.952381,505.4058741,2,73482,13237.55,19984.31413,0,2,0,7,20,0,0,0,3.374013677,395.952381,172.8181818,220,208,4,29714285,375137.0444,641,4356,5,3120343,0,0,0,0,-1,0,-1,0,-1,0,-1,0,2,4194240,926720,8,11,32,benign
587,1,1,71,414,71,414,71,414,71,414,0,0,0,0,-1,-1,-1,-1,0,0,0,0,0,0,0,0,20,20,1703.577513,1703.577513,3407.155026,826235.0937,71,414,242.5,242.5355644,587,587,587,0,0,0,0,0,0,0,0,0,5.830985916,242.5,71,20,0,0,0,0,414,0,0,0,0,0,0,0,-1,0,-1,0,-1,0,-1,0,2,0,0,0,1,0,benign
19115,3,0,865,0,52,-1,730,-1,288.3333333,0,382.8078282,0,19115,0,4116,-1,14999,-1,9557.5,0,7695.443035,0,2,0,0,0,60,0,156.9448077,0,156.9448077,45252.41957,52,730,288.3333333,382.8078282,4116,14999,9557.5,7695.443035,1,0,0,2,3,0,0,0,0,288.3333333,288.3333333,60,0,0,0,0,0,0,0,0,0,0,0,0,-1,0,-1,0,-1,0,-1,0,4,104320,-1,0,3,32,benign
59996277,5,3,1989,771,52,52,578,667,397.8,257,202.7090279,355.0697115,59976001,59975992,5,33241,59913141,59942751,1.50E+07,3.00E+07,2.99E+07,4.24E+07,4,1,0,0,100,60,0.083338505,0.050003103,0.133341607,46.00285448,52,667,345,254.5822909,5,59913141,8570896.714,2.26E+07,0,0,0,5,8,0,0,0,0.387631976,345,397.8,100,0,0,0,126074.5,257,0,0,0,5,1989,3,771,59969132,6.00E+07,59969132,0,59913141,5.99E+07,59913141,0,3,113728,7552,2,5,32,benign
59733335,9,11,1796,6497,52,52,729,1390,199.5555556,590.6363636,261.1520683,604.9543409,397252,59698287,1124,8,110127,59382092,49656.5,5969828.7,37128.36099,1.88E+07,3,5,0,0,180,220,0.150669639,0.184151781,0.334821419,138.8337015,52,1390,414.65,511.0554378,8,59336067,3143859.737,1.36E+07,1,2,0,8,19,0,0,0,3.617483296,414.65,199.5555556,180,0,0,0,365969.7545,590,4356,5,932962,9,1796,11,6497,59733319,5.97E+07,59733319,0,59336067,5.93E+07,59336067,0,2,4194240,926720,10,9,32,benign
0,1,0,52,0,52,-1,52,-1,52,0,0,0,0,0,-1,-1,-1,-1,0,0,0,0,0,0,0,0,20,0,0,0,0,0,52,52,52,0,-1,-1,0,0,0,0,0,0,1,0,0,0,0,52,52,20,0,0,0,0,0,0,0,0,0,0,0,0,-1,0,-1,0,-1,0,-1,0,2,5056,-1,0,1,32,benign
23493,1,1,71,213,71,213,71,213,71,213,0,0,0,0,-1,-1,-1,-1,0,0,0,0,0,0,0,0,20,20,42.56587068,42.56587068,85.13174137,12088.70727,71,213,142,100.4041832,23493,23493,23493,0,0,0,0,0,0,0,0,0,3,142,71,20,0,0,0,0,213,0,0,0,0,0,0,0,-1,0,-1,0,-1,0,-1,0,2,0,0,0,1,0,benign
120626,4,0,239,0,52,-1,83,-1,59.75,0,15.48924358,0,120626,0,10501,-1,69999,-1,40208.66667,0,29749.08613,0,1,0,0,0,80,0,33.16034686,0,33.16034686,1981.330725,52,83,59.75,15.48924358,10501,69999,40208.66667,29749.08613,1,0,0,1,4,0,0,0,0,59.75,59.75,80,239,4,1981,0,0,0,0,0,0,0,0,0,-1,0,-1,0,-1,0,-1,0,5,104320,-1,0,4,32,benign
736961,1,2,64,116,64,52,64,64,64,58,0,8.426149773,0,736961,-1,736961,-1,736961,0,736961,0,0,1,1,0,0,20,40,1.356923908,2.713847816,4.070771723,244.2463034,52,64,60,6.892024376,313947,423014,368480.5,77122.0153,0,0,0,2,3,0,0,0,1.8125,60,64,20,0,0,0,71,58,0,0,0,0,0,0,0,-1,0,-1,0,-1,0,-1,0,2,88704,152448,2,1,32,benign
50368,3,2,1065,719,52,52,583,667,355,359.5,273.3285569,434.8695207,50368,28104,5,28104,50363,28104,25184,28104,35608.48327,0,2,1,0,0,60,40,59.56162643,39.70775095,99.26937738,35419.31385,52,667,356.8,290.9268808,5,28104,12592,13793.22569,0,0,0,3,5,0,0,0,0.675117371,356.8,355,60,0,0,0,189111.5,359,0,0,0,0,0,0,0,-1,0,-1,0,-1,0,-1,0,3,112512,7296,1,3,32,benign
59356750,11,11,1901,6497,52,52,730,1390,172.8181818,590.6363636,241.3181792,604.9543409,273627,59323066,2,8,113127,59121632,27362.7,5932306.6,35859.51012,1.87E+07,3,5,0,0,220,220,0.185320119,0.185320119,0.370640239,141.4834876,52,1390,381.7272727,497.7180959,2,59082922,2826511.905,1.29E+07,1,2,0,8,21,0,0,0,3.417674908,381.7272727,172.8181818,220,0,0,0,365969.7545,590,4356,5,3214760,11,1901,11,6497,59356549,5.94E+07,59356549,0,59082922,5.91E+07,59082922,0,2,4194240,926720,10,11,32,benign
582,1,1,71,414,71,414,71,414,71,414,0,0,0,0,-1,-1,-1,-1,0,0,0,0,0,0,0,0,20,20,1718.213058,1718.213058,3436.426117,833333.3333,71,414,242.5,242.5355644,582,582,582,0,0,0,0,0,0,0,0,0,5.830985916,242.5,71,20,0,0,0,0,414,0,0,0,0,0,0,0,-1,0,-1,0,-1,0,-1,0,2,0,0,0,1,0,benign
47937,2,0,104,0,52,-1,52,-1,52,0,1,0,47937,0,47937,-1,47937,-1,47937,0,0,0,0,0,0,0,40,0,41.72142604,0,41.72142604,2169.514154,52,52,52,1,47937,47937,47937,0,0,0,0,0,2,0,0,0,0,52,52,40,0,0,0,0,0,0,0,0,0,0,0,0,-1,0,-1,0,-1,0,-1,0,3,5824,-1,0,2,32,benign
34873,3,0,865,0,52,-1,730,-1,288.3333333,0,382.8078282,0,34873,0,2,-1,34871,-1,17436.5,0,24656.10633,0,2,0,0,0,60,0,86.02643879,0,86.02643879,24804.28985,52,730,288.3333333,382.8078282,2,34871,17436.5,24656.10633,1,0,0,2,3,0,0,0,0,288.3333333,288.3333333,60,0,0,0,0,0,0,0,0,0,0,0,0,-1,0,-1,0,-1,0,-1,0,4,104320,-1,0,3,32,benign
59906908,9,12,1797,6549,52,52,730,1390,199.6666667,545.75,261.4055757,597.3920024,380624,59872961,999,9,133250,59567277,47578,5442996.455,46891.61661,1.80E+07,3,5,0,0,180,240,0.150233092,0.200310789,0.350543881,139.3161537,52,1390,397.4285714,504.3952886,9,59526269,2995345.4,1.33E+07,1,2,0,8,20,0,0,0,3.644407346,397.4285714,199.6666667,180,0,0,0,356877.2045,545,4356,5,2830409,9,1797,12,6549,59906893,5.99E+07,59906893,0,59526269,5.95E+07,59526269,0,2,4194240,926720,10,9,32,benign
0,1,0,52,0,52,-1,52,-1,52,0,0,0,0,0,-1,-1,-1,-1,0,0,0,0,0,0,0,0,20,0,0,0,0,0,52,52,52,0,-1,-1,0,0,0,0,0,0,1,0,0,0,0,52,52,20,0,0,0,0,0,0,0,0,0,0,0,0,-1,0,-1,0,-1,0,-1,0,2,5056,-1,0,1,32,benign
33230,1,1,71,414,71,414,71,414,71,414,0,0,0,0,-1,-1,-1,-1,0,0,0,0,0,0,0,0,20,20,30.0932892,30.0932892,60.18657839,14595.24526,71,414,242.5,242.5355644,33230,33230,33230,0,0,0,0,0,0,0,0,0,5.830985916,242.5,71,20,0,0,0,0,414,0,0,0,0,0,0,0,-1,0,-1,0,-1,0,-1,0,2,0,0,0,1,0,benign
225379,3,0,187,0,52,-1,83,-1,62.33333333,0,17.88388474,0,225379,0,4,-1,225375,-1,112689.5,0,159361.3624,0,1,0,0,0,60,0,13.31091184,0,13.31091184,829.7135048,52,83,62.33333333,17.88388474,4,225375,112689.5,159361.3624,1,0,0,1,3,0,0,0,0,62.33333333,62.33333333,60,0,0,0,0,0,0,0,0,0,0,0,0,-1,0,-1,0,-1,0,-1,0,4,104320,-1,0,3,32,benign
59983675,4,3,1120,1386,52,52,586,667,280,462,270.8646649,355.0697115,59981636,59981697,1123,32259,59926141,59949438,2.00E+07,3.00E+07,3.46E+07,4.24E+07,2,2,0,0,80,60,0.066684811,0.050013608,0.116698418,41.77803377,52,667,358,296.9391071,1123,59926141,9997279.167,2.45E+07,0,0,0,4,7,0,0,0,1.2375,358,280,80,0,0,0,126074.5,462,0,0,0,4,1120,3,1386,59928180,5.99E+07,59928180,0,59926141,5.99E+07,59926141,0,2,111296,6720,2,4,32,benign
0,1,0,52,0,52,-1,52,-1,52,0,0,0,0,0,-1,-1,-1,-1,0,0,0,0,0,0,0,0,20,0,0,0,0,0,52,52,52,0,-1,-1,0,0,0,0,0,0,1,0,0,0,0,52,52,20,0,0,0,0,0,0,0,0,0,0,0,0,-1,0,-1,0,-1,0,-1,0,2,5824,-1,0,1,32,benign
59577300,10,12,1849,6578,52,52,730,1390,184.9,548.1666667,250.8403432,592.8040199,299374,59543217,3,9,95501,59284747,33263.77778,5413019.727,32450.20935,1.79E+07,3,6,0,0,200,240,0.167849164,0.201418997,0.369268161,141.4464905,52,1390,383.0454545,495.2953883,3,59277912,2837014.286,1.29E+07,1,2,0,9,21,0,0,0,3.557598702,383.0454545,184.9,200,0,0,0,351416.6061,548,4356,5,3305007,10,1849,12,6578,59577286,5.96E+07,59577286,0,59277912,5.93E+07,59277912,0,2,4194240,926720,11,10,32,benign
576,1,1,71,414,71,414,71,414,71,414,0,0,0,0,-1,-1,-1,-1,0,0,0,0,0,0,0,0,20,20,1736.111111,1736.111111,3472.222222,842013.8889,71,414,242.5,242.5355644,576,576,576,0,0,0,0,0,0,0,0,0,5.830985916,242.5,71,20,0,0,0,0,414,0,0,0,0,0,0,0,-1,0,-1,0,-1,0,-1,0,2,0,0,0,1,0,benign
6496,3,0,865,0,52,-1,730,-1,288.3333333,0,382.8078282,0,6496,0,2876,-1,3620,-1,3248,0,526.0864948,0,2,0,0,0,60,0,461.8226601,0,461.8226601,133158.867,52,730,288.3333333,382.8078282,2876,3620,3248,526.0864948,1,0,0,2,3,0,0,0,0,288.3333333,288.3333333,60,0,0,0,0,0,0,0,0,0,0,0,0,-1,0,-1,0,-1,0,-1,0,4,104320,-1,0,3,32,benign
15,0,2,0,135,-1,52,-1,83,0,67.5,0,21.89748844,0,15,-1,15,-1,15,0,15,0,0,0,1,0,0,0,40,0,133333.3333,133333.3333,9000000,52,83,67.5,21.89748844,15,15,15,0,1,0,0,1,2,0,0,0,0,67.5,0,0,0,0,0,479.5,67,0,0,0,0,0,0,0,-1,0,-1,0,-1,0,-1,0,3,-1,5120,2,0,0,benign
59987473,3,3,1065,771,52,52,583,667,355,257,273.3285569,355.0697115,59937885,59987473,1120,27650,59936765,59959823,3.00E+07,3.00E+07,4.24E+07,4.24E+07,2,1,0,0,60,60,0.050010441,0.050010441,0.100020883,30.6063901,52,667,306,288.4347413,1120,59936765,1.20E+07,2.68E+07,0,0,0,3,6,0,0,0,0.723943662,306,355,60,0,0,0,126074.5,257,0,0,0,3,1065,3,771,59966363,6.00E+07,59966363,0,59936765,5.99E+07,59936765,0,3,110080,6464,2,3,32,benign
323877,10,9,1849,6362,52,52,730,1390,184.9,706.8888889,250.8403432,611.3756915,323877,247611,1125,7,102752,131694,35986.33333,30951.375,38526.01914,47086.45834,3,4,0,0,200,180,30.87591894,27.78832705,58.66424599,25352.21705,52,1390,432.1578947,518.9299635,7,92626,17993.16667,26414.85048,0,2,0,7,18,0,0,0,3.440778799,432.1578947,184.9,200,0,0,0,373780.2361,706,4356,5,2907877,0,0,0,0,-1,0,-1,0,-1,0,-1,0,2,4194240,926720,8,10,32,benign
0,1,0,52,0,52,-1,52,-1,52,0,0,0,0,0,-1,-1,-1,-1,0,0,0,0,0,0,0,0,20,0,0,0,0,0,52,52,52,0,-1,-1,0,0,0,0,0,0,1,0,0,0,0,52,52,20,0,0,0,0,0,0,0,0,0,0,0,0,-1,0,-1,0,-1,0,-1,0,2,5120,-1,0,1,32,benign
32846,1,1,71,414,71,414,71,414,71,414,0,0,0,0,-1,-1,-1,-1,0,0,0,0,0,0,0,0,20,20,30.44510747,30.44510747,60.89021494,14765.87712,71,414,242.5,242.5355644,32846,32846,32846,0,0,0,0,0,0,0,0,0,5.830985916,242.5,71,20,0,0,0,0,414,0,0,0,0,0,0,0,-1,0,-1,0,-1,0,-1,0,2,0,0,0,1,0,benign
131629,4,0,239,0,52,-1,83,-1,59.75,0,15.48924358,0,131629,0,2,-1,100002,-1,43876.33333,0,51113.31897,0,1,0,0,0,80,0,30.38844024,0,30.38844024,1815.709304,52,83,59.75,15.48924358,2,100002,43876.33333,51113.31897,1,0,0,1,4,0,0,0,0,59.75,59.75,80,239,4,1815,0,0,0,0,0,0,0,0,0,-1,0,-1,0,-1,0,-1,0,5,89792,-1,0,4,32,benign
59999474,3,2,1068,719,52,52,586,667,356,359.5,274.5824102,434.8695207,59965885,31625,1119,31625,59964766,31625,3.00E+07,31625,4.24E+07,0,2,1,0,0,60,40,0.050000438,0.033333626,0.083334064,29.78359444,52,667,357.4,291.5125212,1119,59964766,1.50E+07,3.00E+07,0,0,0,3,5,0,0,0,0.673220974,357.4,356,60,0,0,0,189111.5,359,0,0,0,3,1068,2,719,59998355,6.00E+07,59998355,0,59964766,6.00E+07,59964766,0,3,108864,6208,1,3,32,benign
786139,1,2,64,116,64,52,64,64,64,58,0,8.426149773,0,786139,-1,786139,-1,786139,0,786139,0,0,1,1,0,0,20,40,1.272039678,2.544079355,3.816119032,228.9671419,52,64,60,6.892024376,309257,476882,393069.5,118528.7742,0,0,0,2,3,0,0,0,1.8125,60,64,20,0,0,0,71,58,0,0,0,0,0,0,0,-1,0,-1,0,-1,0,-1,0,2,88704,152832,2,1,32,benign
0,1,0,52,0,52,-1,52,-1,52,0,0,0,0,0,-1,-1,-1,-1,0,0,0,0,0,0,0,0,20,0,0,0,0,0,52,52,52,0,-1,-1,0,0,0,0,0,0,1,0,0,0,0,52,52,20,0,0,0,0,0,0,0,0,0,0,0,0,-1,0,-1,0,-1,0,-1,0,2,5824,-1,0,1,32,benign
59725221,7,8,1618,1017,52,52,730,477,231.1428571,127.125,290.1125808,148.9332904,271624,59691478,1625,200,106376,59494783,45270.66667,8527354,40553.25222,2.25E+07,3,3,0,0,140,160,0.117203417,0.133946763,0.25115018,44.11871494,52,730,175.6666667,223.7112829,200,59453397,4266087.214,1.59E+07,1,2,0,6,14,0,0,0,0.62855377,175.6666667,231.1428571,140,0,0,0,22181.125,127,0,0,0,7,1618,8,1017,59725021,5.97E+07,59725021,0,59453397,5.95E+07,59453397,0,2,4194240,926720,5,7,32,benign
577,1,1,71,414,71,414,71,414,71,414,0,0,0,0,-1,-1,-1,-1,0,0,0,0,0,0,0,0,20,20,1733.102253,1733.102253,3466.204506,840554.5927,71,414,242.5,242.5355644,577,577,577,0,0,0,0,0,0,0,0,0,5.830985916,242.5,71,20,0,0,0,0,414,0,0,0,0,0,0,0,-1,0,-1,0,-1,0,-1,0,2,0,0,0,1,0,benign
5624,3,0,865,0,52,-1,730,-1,288.3333333,0,382.8078282,0,5624,0,2,-1,5622,-1,2812,0,3973.939984,0,2,0,0,0,60,0,533.428165,0,533.428165,153805.1209,52,730,288.3333333,382.8078282,2,5622,2812,3973.939984,1,0,0,2,3,0,0,0,0,288.3333333,288.3333333,60,0,0,0,0,0,0,0,0,0,0,0,0,-1,0,-1,0,-1,0,-1,0,4,89792,-1,0,3,32,benign
59989377,5,2,2080,719,52,52,590,667,416,359.5,217.6045726,434.8695207,59989377,16358,5,16358,59949013,16358,1.50E+07,16358,3.00E+07,0,4,1,0,0,100,40,0.08334809,0.033339236,0.116687326,46.65826085,52,667,399.8571429,252.6789324,5,59949013,9998229.5,2.45E+07,0,0,0,5,7,0,0,0,0.345673077,399.8571429,416,100,0,0,0,189111.5,359,0,0,0,5,2080,2,719,59988258,6.00E+07,59988258,0,59949013,5.99E+07,59949013,0,3,106368,5952,1,5,32,benign
59758370,8,7,1017,1516,52,52,477,628,127.125,216.5714286,148.9332904,262.0886346,59724322,294623,15,2624,59498037,98750,8532046,49103.83333,2.25E+07,40967.06834,3,3,0,0,160,140,0.13387246,0.117138403,0.251010863,42.38736766,52,628,168.8666667,206.550017,15,59463732,4268455,1.59E+07,1,2,0,6,14,0,0,0,1.4906588,168.8666667,127.125,160,0,0,0,68690.45238,216,0,0,0,8,1017,7,1516,59758355,5.98E+07,59758355,0,59463732,5.95E+07,59463732,0,2,926720,4194240,4,8,32,benign
6663,2,0,104,0,52,-1,52,-1,52,0,1,0,6663,0,6663,-1,6663,-1,6663,0,0,0,0,0,0,0,40,0,300.1650908,0,300.1650908,15608.58472,52,52,52,1,6663,6663,6663,0,0,0,0,0,2,0,0,0,0,52,52,40,0,0,0,0,0,0,0,0,0,0,0,0,-1,0,-1,0,-1,0,-1,0,3,5824,-1,0,2,32,benign
39403,1,1,71,414,71,414,71,414,71,414,0,0,0,0,-1,-1,-1,-1,0,0,0,0,0,0,0,0,20,20,25.37877827,25.37877827,50.75755653,12308.70746,71,414,242.5,242.5355644,39403,39403,39403,0,0,0,0,0,0,0,0,0,5.830985916,242.5,71,20,0,0,0,0,414,0,0,0,0,0,0,0,-1,0,-1,0,-1,0,-1,0,2,0,0,0,1,0,benign
6493,3,0,763,0,52,-1,628,-1,254.3333333,0,323.9750505,0,6493,0,3118,-1,3375,-1,3246.5,0,181.7236914,0,2,0,0,0,60,0,462.0360388,0,462.0360388,117511.1659,52,628,254.3333333,323.9750505,3118,3375,3246.5,181.7236914,1,0,0,2,3,0,0,0,0,254.3333333,254.3333333,60,0,0,0,0,0,0,0,0,0,0,0,0,-1,0,-1,0,-1,0,-1,0,4,89792,-1,0,3,32,benign
53616,3,2,1064,719,52,52,582,667,354.6666667,359.5,272.9117684,434.8695207,53616,27581,5,27581,53611,27581,26808,27581,37905.1661,0,2,1,0,0,60,40,55.95344673,37.30229782,93.25574455,33254.99851,52,667,356.6,290.7327811,5,27581,13404,12910.60098,0,0,0,3,5,0,0,0,0.67575188,356.6,354.6666667,60,0,0,0,189111.5,359,0,0,0,0,0,0,0,-1,0,-1,0,-1,0,-1,0,3,105152,5696,1,3,32,benign
6291,2,0,104,0,52,-1,52,-1,52,0,1,0,6291,0,6291,-1,6291,-1,6291,0,0,0,0,0,0,0,40,0,317.914481,0,317.914481,16531.55301,52,52,52,1,6291,6291,6291,0,0,0,0,0,2,0,0,0,0,52,52,40,0,0,0,0,0,0,0,0,0,0,0,0,-1,0,-1,0,-1,0,-1,0,3,5824,-1,0,2,32,benign
59905502,7,8,1618,1017,52,52,730,477,231.1428571,127.125,290.1125808,148.9332904,321498,59872039,1374,197,155374,59630331,53583,8553148.429,58469.26914,2.25E+07,3,3,0,0,140,160,0.116850703,0.13354366,0.250394363,43.98594306,52,730,175.6666667,223.7112829,197,59583807,4278964.429,1.59E+07,1,2,0,6,14,0,0,0,0.62855377,175.6666667,231.1428571,140,0,0,0,22181.125,127,0,0,0,7,1618,8,1017,59905305,5.99E+07,59905305,0,59583807,5.96E+07,59583807,0,2,4194240,926720,5,7,32,benign
604,1,1,71,414,71,414,71,414,71,414,0,0,0,0,-1,-1,-1,-1,0,0,0,0,0,0,0,0,20,20,1655.629139,1655.629139,3311.258278,802980.1325,71,414,242.5,242.5355644,604,604,604,0,0,0,0,0,0,0,0,0,5.830985916,242.5,71,20,0,0,0,0,414,0,0,0,0,0,0,0,-1,0,-1,0,-1,0,-1,0,2,0,0,0,1,0,benign
6493,3,0,865,0,52,-1,730,-1,288.3333333,0,382.8078282,0,6493,0,3244,-1,3249,-1,3246.5,0,3.391164992,0,2,0,0,0,60,0,462.0360388,0,462.0360388,133220.3912,52,730,288.3333333,382.8078282,3244,3249,3246.5,3.391164992,1,0,0,2,3,0,0,0,0,288.3333333,288.3333333,60,0,0,0,0,0,0,0,0,0,0,0,0,-1,0,-1,0,-1,0,-1,0,4,104320,-1,0,3,32,benign
59907448,11,12,1901,6549,52,52,730,1390,172.8181818,545.75,241.3181792,597.3920024,273126,59873807,1,8,123376,59670282,27312.6,5443073.364,37450.98947,1.80E+07,3,5,0,0,220,240,0.183616568,0.200308983,0.383925551,141.0509091,52,1390,367.3913043,491.1111001,1,59634119,2723065.818,1.27E+07,1,2,0,8,22,0,0,0,3.445028932,367.3913043,172.8181818,220,208,4,34666666,356877.2045,545,4356,5,4071028,11,1901,12,6549,59907245,5.99E+07,59907245,0,59634119,5.96E+07,59634119,0,2,4194240,926720,10,11,32,benign
5529,2,0,104,0,52,-1,52,-1,52,0,1,0,5529,0,5529,-1,5529,-1,5529,0,0,0,0,0,0,0,40,0,361.7290649,0,361.7290649,18809.91138,52,52,52,1,5529,5529,5529,0,0,0,0,0,2,0,0,0,0,52,52,40,0,0,0,0,0,0,0,0,0,0,0,0,-1,0,-1,0,-1,0,-1,0,3,5824,-1,0,2,32,benign
33753,1,1,71,414,71,414,71,414,71,414,0,0,0,0,-1,-1,-1,-1,0,0,0,0,0,0,0,0,20,20,29.62699612,29.62699612,59.25399224,14369.09312,71,414,242.5,242.5355644,33753,33753,33753,0,0,0,0,0,0,0,0,0,5.830985916,242.5,71,20,0,0,0,0,414,0,0,0,0,0,0,0,-1,0,-1,0,-1,0,-1,0,2,0,0,0,1,0,benign
6242,3,0,865,0,52,-1,730,-1,288.3333333,0,382.8078282,0,6242,0,2375,-1,3867,-1,3121,0,1055.002844,0,2,0,0,0,60,0,480.6151874,0,480.6151874,138577.379,52,730,288.3333333,382.8078282,2375,3867,3121,1055.002844,1,0,0,2,3,0,0,0,0,288.3333333,288.3333333,60,0,0,0,0,0,0,0,0,0,0,0,0,-1,0,-1,0,-1,0,-1,0,4,89792,-1,0,3,32,benign
59987953,4,3,1123,1386,52,52,589,667,280.75,462,271.9961703,355.0697115,59981883,59983645,5,15068,59942142,59968577,2.00E+07,3.00E+07,3.46E+07,4.24E+07,2,2,0,0,80,60,0.066680055,0.050010041,0.116690096,41.82506444,52,667,358.4285714,297.3249385,5,59942142,9997992.167,2.45E+07,0,0,0,4,7,0,0,0,1.234194123,358.4285714,280.75,80,0,0,0,126074.5,462,0,0,0,4,1123,3,1386,59948212,5.99E+07,59948212,0,59942142,5.99E+07,59942142,0,2,103936,5120,2,4,32,benign
5507,2,0,104,0,52,-1,52,-1,52,0,1,0,5507,0,5507,-1,5507,-1,5507,0,0,0,0,0,0,0,40,0,363.174142,0,363.174142,18885.05538,52,52,52,1,5507,5507,5507,0,0,0,0,0,2,0,0,0,0,52,52,40,0,0,0,0,0,0,0,0,0,0,0,0,-1,0,-1,0,-1,0,-1,0,3,5824,-1,0,2,32,benign
59959414,7,8,1617,1017,52,52,729,477,231,127.125,289.8260973,148.9332904,276251,59925720,1374,168,116376,59726646,46041.83333,8560817.143,44402.51401,2.26E+07,3,3,0,0,140,160,0.116745637,0.133423586,0.250169223,43.92971552,52,729,175.6,223.5343694,168,59682995,4282815.286,1.59E+07,1,2,0,6,14,0,0,0,0.628942486,175.6,231,140,0,0,0,22181.125,127,0,0,0,7,1617,8,1017,59959246,6.00E+07,59959246,0,59682995,5.97E+07,59682995,0,2,4194240,926720,5,7,32,benign
596,1,1,71,414,71,414,71,414,71,414,0,0,0,0,-1,-1,-1,-1,0,0,0,0,0,0,0,0,20,20,1677.852349,1677.852349,3355.704698,813758.3893,71,414,242.5,242.5355644,596,596,596,0,0,0,0,0,0,0,0,0,5.830985916,242.5,71,20,0,0,0,0,414,0,0,0,0,0,0,0,-1,0,-1,0,-1,0,-1,0,2,0,0,0,1,0,benign
5866,2,0,812,0,83,-1,729,-1,406,0,456.7898861,0,5866,0,5866,-1,5866,-1,5866,0,0,0,2,0,0,0,40,0,340.947835,0,340.947835,138424.821,83,729,406,456.7898861,5866,5866,5866,0,1,0,0,2,2,0,0,0,0,406,406,40,0,0,0,0,0,0,0,0,0,0,0,0,-1,0,-1,0,-1,0,-1,0,3,89792,-1,0,2,32,benign
15,0,2,0,135,-1,52,-1,83,0,67.5,0,21.89748844,0,15,-1,15,-1,15,0,15,0,0,0,1,0,0,0,40,0,133333.3333,133333.3333,9000000,52,83,67.5,21.89748844,15,15,15,0,1,0,0,1,2,0,0,0,0,67.5,0,0,0,0,0,479.5,67,0,0,0,0,0,0,0,-1,0,-1,0,-1,0,-1,0,3,-1,5120,2,0,0,benign
1751841,3,2,180,116,52,52,64,64,60,58,6.892024376,8.426149773,1001630,1751841,1624,1751841,1000006,1751841,500815,1751841,705962.6824,0,2,1,0,0,60,40,1.712484181,1.141656121,2.854140302,168.9651059,52,64,59.2,6.553624951,1624,1000006,437960.25,417697.7401,0,0,0,3,5,0,0,0,0.644444444,59.2,60,60,0,0,0,71,58,0,0,0,3,180,2,116,1444662,1444662,1444662,0,1000006,1000006,1000006,0,2,88704,153216,2,3,32,benign
59980037,3,3,1063,771,52,52,581,667,354.3333333,257,272.4955657,355.0697115,59929147,59980037,5,27957,59929142,59952080,3.00E+07,3.00E+07,4.24E+07,4.24E+07,2,1,0,0,60,60,0.050016641,0.050016641,0.100033283,30.57684009,52,667,305.6666667,288.0515,5,59929142,1.20E+07,2.68E+07,0,0,0,3,6,0,0,0,0.725305739,305.6666667,354.3333333,60,0,0,0,126074.5,257,0,0,0,3,1063,3,771,59959276,6.00E+07,59959276,0,59929142,5.99E+07,59929142,0,3,102656,4864,2,3,32,benign
0,1,0,83,0,83,-1,83,-1,83,0,0,0,0,0,-1,-1,-1,-1,0,0,0,0,1,0,0,0,20,0,0,0,0,0,83,83,83,0,-1,-1,0,0,0,0,0,1,1,0,0,0,0,83,83,20,0,0,0,0,0,0,0,0,0,0,0,0,-1,0,-1,0,-1,0,-1,0,2,106816,-1,0,1,32,benign
280623,7,7,1618,963,52,52,730,472,231.1428571,137.5714286,290.1125808,155.526372,280623,234866,1365,79,101246,91632,46770.5,39144.33333,43213.63747,34868.15613,3,3,0,0,140,140,24.94449849,24.94449849,49.88899698,9197.392944,52,730,184.3571429,228.8379027,79,86759,21586.38462,26392.79538,0,2,0,6,13,0,0,0,0.595179234,184.3571429,231.1428571,140,0,0,0,24188.45238,137,0,0,0,0,0,0,0,-1,0,-1,0,-1,0,-1,0,2,4194240,926720,4,7,32,benign
0,1,0,52,0,52,-1,52,-1,52,0,0,0,0,0,-1,-1,-1,-1,0,0,0,0,0,0,0,0,20,0,0,0,0,0,52,52,52,0,-1,-1,0,0,0,0,0,0,1,0,0,0,0,52,52,20,0,0,0,0,0,0,0,0,0,0,0,0,-1,0,-1,0,-1,0,-1,0,2,5760,-1,0,1,32,benign
55267,1,1,71,414,71,414,71,414,71,414,0,0,0,0,-1,-1,-1,-1,0,0,0,0,0,0,0,0,20,20,18.09398013,18.09398013,36.18796027,8775.580364,71,414,242.5,242.5355644,55267,55267,55267,0,0,0,0,0,0,0,0,0,5.830985916,242.5,71,20,0,0,0,0,414,0,0,0,0,0,0,0,-1,0,-1,0,-1,0,-1,0,2,0,0,0,1,0,benign
757387,3,0,187,0,52,-1,83,-1,62.33333333,0,17.88388474,0,757387,0,5,-1,757382,-1,378693.5,0,535546.4126,0,1,0,0,0,60,0,3.96098692,0,3.96098692,246.901518,52,83,62.33333333,17.88388474,5,757382,378693.5,535546.4126,1,0,0,1,3,0,0,0,0,62.33333333,62.33333333,60,0,0,0,0,0,0,0,0,0,0,0,0,-1,0,-1,0,-1,0,-1,0,4,107008,-1,0,3,32,benign
0,1,0,83,0,83,-1,83,-1,83,0,0,0,0,0,-1,-1,-1,-1,0,0,0,0,1,0,0,0,20,0,0,0,0,0,83,83,83,0,-1,-1,0,0,0,0,0,1,1,0,0,0,0,83,83,20,0,0,0,0,0,0,0,0,0,0,0,0,-1,0,-1,0,-1,0,-1,0,2,104320,-1,0,1,32,benign
59996389,5,2,2089,719,52,52,590,667,417.8,359.5,219.3101685,434.8695207,59996389,78662,4,78662,59887142,78662,1.50E+07,78662,2.99E+07,0,4,1,0,0,100,40,0.083338349,0.03333534,0.116673689,46.80281675,52,667,401.1428571,253.7570548,4,59887142,9999398.167,2.44E+07,0,0,0,5,7,0,0,0,0.34418382,401.1428571,417.8,100,0,0,0,189111.5,359,0,0,0,5,2089,2,719,59996385,6.00E+07,59996385,0,59887142,5.99E+07,59887142,0,3,100224,4608,1,5,32,benign
0,0,1,0,83,-1,83,-1,83,0,83,0,0,0,0,-1,-1,-1,-1,0,0,0,0,0,1,0,0,0,20,0,0,0,0,83,83,83,0,-1,-1,0,0,0,0,0,1,1,0,0,0,0,83,0,0,0,0,0,0,83,0,0,0,0,0,0,0,-1,0,-1,0,-1,0,-1,0,2,-1,89792,1,0,0,benign
59160951,2,4,782,693,52,52,730,472,391,173.25,479.4173547,199.7579786,83117,59092404,83117,214,83117,59091720,83117,1.97E+07,0,3.41E+07,1,3,0,0,40,80,0.033806083,0.067612165,0.101418248,24.93198596,52,730,245.8333333,287.322757,214,59077620,1.18E+07,2.64E+07,1,0,0,4,6,0,0,0,0.886189258,245.8333333,391,40,0,0,0,39903.25,173,0,0,0,2,782,4,693,59160737,5.92E+07,59160737,0,59077620,5.91E+07,59077620,0,2,104320,5824,4,2,32,benign
55994,3,2,1069,719,52,52,587,667,356.3333333,359.5,275.0015151,434.8695207,55994,33375,6,33375,55988,33375,27997,33375,39585.25181,0,2,1,0,0,60,40,53.57716898,35.71811265,89.29528164,31931.99271,52,667,357.6,291.7088446,6,33375,13998.5,15835.04064,0,0,0,3,5,0,0,0,0.672591207,357.6,356.3333333,60,0,0,0,189111.5,359,0,0,0,0,0,0,0,-1,0,-1,0,-1,0,-1,0,3,99008,4352,1,3,32,benign
0,1,0,83,0,83,-1,83,-1,83,0,0,0,0,0,-1,-1,-1,-1,0,0,0,0,1,0,0,0,20,0,0,0,0,0,83,83,83,0,-1,-1,0,0,0,0,0,1,1,0,0,0,0,83,83,20,0,0,0,0,0,0,0,0,0,0,0,0,-1,0,-1,0,-1,0,-1,0,2,106816,-1,0,1,32,benign
308877,10,10,1848,6443,52,52,729,1390,184.8,644.3,250.5989714,609.0881254,308877,264397,1250,8,82377,122987,34319.66667,29377.44444,30698.71782,42849.84891,3,5,0,0,200,200,32.37534682,32.37534682,64.75069364,26842.40005,52,1390,414.55,510.9225892,8,82377,16256.68421,24094.1634,0,2,0,8,19,0,0,0,3.486471862,414.55,184.8,200,0,0,0,370988.3444,644,4356,5,705653,0,0,0,0,-1,0,-1,0,-1,0,-1,0,2,4194240,926720,9,10,32,benign
1545,1,1,71,213,71,213,71,213,71,213,0,0,0,0,-1,-1,-1,-1,0,0,0,0,0,0,0,0,20,20,647.2491909,647.2491909,1294.498382,183818.7702,71,213,142,100.4041832,1545,1545,1545,0,0,0,0,0,0,0,0,0,3,142,71,20,0,0,0,0,213,0,0,0,0,0,0,0,-1,0,-1,0,-1,0,-1,0,2,0,0,0,1,0,benign
29197,2,1,135,64,52,64,83,64,67.5,64,21.89748844,0,29197,0,29197,-1,29197,-1,29197,0,0,0,1,0,0,0,40,20,68.50018838,34.25009419,102.7502826,6815.768743,52,83,66.33333333,15.61516357,3093,26104,14598.5,16271.23411,1,0,0,1,3,0,0,0,0.474074074,66.33333333,67.5,40,0,0,0,0,64,0,0,0,0,0,0,0,-1,0,-1,0,-1,0,-1,0,2,5120,104320,1,2,32,benign
6245,3,0,864,0,52,-1,729,-1,288,0,382.2309511,0,6245,0,2248,-1,3997,-1,3122.5,0,1236.729356,0,2,0,0,0,60,0,480.3843074,0,480.3843074,138350.6805,52,729,288,382.2309511,2248,3997,3122.5,1236.729356,1,0,0,2,3,0,0,0,0,288,288,60,0,0,0,0,0,0,0,0,0,0,0,0,-1,0,-1,0,-1,0,-1,0,4,104320,-1,0,3,32,benign
0,1,0,83,0,83,-1,83,-1,83,0,0,0,0,0,-1,-1,-1,-1,0,0,0,0,1,0,0,0,20,0,0,0,0,0,83,83,83,0,-1,-1,0,0,0,0,0,1,1,0,0,0,0,83,83,20,0,0,0,0,0,0,0,0,0,0,0,0,-1,0,-1,0,-1,0,-1,0,2,104320,-1,0,1,32,benign
192250,10,8,1770,5105,52,52,582,1390,177,638.125,190.5363774,655.0116547,192250,129755,2,4,90874,45744,21361.11111,18536.42857,28380.91494,18387.46751,4,3,0,0,200,160,52.01560468,41.61248375,93.62808843,35760.72822,52,1390,381.9444444,501.4725343,2,41776,11308.82353,12881.29433,0,2,0,7,17,0,0,0,2.884180791,381.9444444,177,200,334,4,15181,429040.2679,638,4223,4,12758308,0,0,0,0,-1,0,-1,0,-1,0,-1,0,2,4194240,1853440,7,10,32,benign
23558,1,1,75,161,75,161,75,161,75,161,0,0,0,0,-1,-1,-1,-1,0,0,0,0,0,0,0,0,20,20,42.44842516,42.44842516,84.89685033,10017.82834,75,161,118,60.80296045,23558,23558,23558,0,0,0,0,0,0,0,0,0,2.146666667,118,75,20,0,0,0,0,161,0,0,0,0,0,0,0,-1,0,-1,0,-1,0,-1,0,2,0,0,0,1,0,benign
0,0,1,0,83,-1,83,-1,83,0,83,0,0,0,0,-1,-1,-1,-1,0,0,0,0,0,1,0,0,0,20,0,0,0,0,83,83,83,0,-1,-1,0,0,0,0,0,1,1,0,0,0,0,83,0,0,0,0,0,0,83,0,0,0,0,0,0,0,-1,0,-1,0,-1,0,-1,0,2,-1,89792,1,0,0,benign
0,1,0,52,0,52,-1,52,-1,52,0,0,0,0,0,-1,-1,-1,-1,0,0,0,0,0,0,0,0,20,0,0,0,0,0,52,52,52,0,-1,-1,0,0,0,0,0,0,1,0,0,0,0,52,52,20,0,0,0,0,0,0,0,0,0,0,0,0,-1,0,-1,0,-1,0,-1,0,2,5120,-1,0,1,32,benign
59892050,10,11,1849,6497,52,52,730,1390,184.9,590.6363636,250.8403432,604.9543409,346872,59858454,2,9,125497,59590972,38541.33333,5985845.4,44334.62075,1.88E+07,3,5,0,0,200,220,0.166967068,0.183663775,0.350630843,139.3507152,52,1390,397.4285714,504.3952886,2,59545163,2994602.5,1.33E+07,1,2,0,8,20,0,0,0,3.513791239,397.4285714,184.9,200,0,0,0,365969.7545,590,4356,5,3165697,10,1849,11,6497,59892035,5.99E+07,59892035,0,59545163,5.95E+07,59545163,0,2,4194240,926720,10,10,32,benign
569,1,1,71,414,71,414,71,414,71,414,0,0,0,0,-1,-1,-1,-1,0,0,0,0,0,0,0,0,20,20,1757.469244,1757.469244,3514.938489,852372.5835,71,414,242.5,242.5355644,569,569,569,0,0,0,0,0,0,0,0,0,5.830985916,242.5,71,20,0,0,0,0,414,0,0,0,0,0,0,0,-1,0,-1,0,-1,0,-1,0,2,0,0,0,1,0,benign
403258,4,0,239,0,52,-1,83,-1,59.75,0,15.48924358,0,403258,0,4,-1,370379,-1,134419.3333,0,205006.9484,0,1,0,0,0,80,0,9.91920805,0,9.91920805,592.672681,52,83,59.75,15.48924358,4,370379,134419.3333,205006.9484,1,0,0,1,4,0,0,0,0,59.75,59.75,80,239,4,592,0,0,0,0,0,0,0,0,0,-1,0,-1,0,-1,0,-1,0,5,104320,-1,0,4,32,benign
1752,3,0,187,0,52,-1,83,-1,62.33333333,0,17.88388474,0,1752,0,2,-1,1750,-1,876,0,1236.022249,0,1,0,0,0,60,0,1712.328767,0,1712.328767,106735.1598,52,83,62.33333333,17.88388474,2,1750,876,1236.022249,0,0,1,1,3,0,0,0,0,62.33333333,62.33333333,60,0,0,0,0,0,0,0,0,0,0,0,0,-1,0,-1,0,-1,0,-1,0,4,181440,-1,0,3,32,benign
33126,2,0,104,0,52,-1,52,-1,52,0,1,0,33126,0,33126,-1,33126,-1,33126,0,0,0,0,0,0,0,40,0,60.37553583,0,60.37553583,3139.527863,52,52,52,1,33126,33126,33126,0,0,0,0,0,2,0,0,0,0,52,52,40,0,0,0,0,0,0,0,0,0,0,0,0,-1,0,-1,0,-1,0,-1,0,3,98752,-1,0,2,32,benign
14,0,2,0,135,-1,52,-1,83,0,67.5,0,21.89748844,0,14,-1,14,-1,14,0,14,0,0,0,1,0,0,0,40,0,142857.1429,142857.1429,9642857.143,52,83,67.5,21.89748844,14,14,14,0,1,0,0,1,2,0,0,0,0,67.5,0,0,0,0,0,479.5,67,0,0,0,0,0,0,0,-1,0,-1,0,-1,0,-1,0,3,-1,62208,2,0,0,benign
1259391,2,3,128,180,64,52,64,64,64,60,1,6.892024376,86003,1259391,86003,228091,86003,1031300,86003,629695.5,0,567954.5306,1,2,0,0,40,60,1.588069154,2.382103731,3.970172885,244.5626497,52,64,61.6,5.343220003,10740,956037,314847.75,436085.4834,0,0,0,3,5,0,0,0,1.40625,61.6,64,40,0,0,0,47.5,60,0,0,0,0,0,0,0,-1,0,-1,0,-1,0,-1,0,2,88704,153600,2,2,32,benign
0,1,0,83,0,83,-1,83,-1,83,0,0,0,0,0,-1,-1,-1,-1,0,0,0,0,1,0,0,0,20,0,0,0,0,0,83,83,83,0,-1,-1,0,0,0,0,0,1,1,0,0,0,0,83,83,20,0,0,0,0,0,0,0,0,0,0,0,0,-1,0,-1,0,-1,0,-1,0,2,106816,-1,0,1,32,benign
59351304,10,11,1849,6497,52,52,730,1390,184.9,590.6363636,250.8403432,604.9543409,326251,59317578,3,9,109998,59065098,36250.11111,5931757.8,35675.99906,1.87E+07,3,5,0,0,200,220,0.168488295,0.185337124,0.353825419,140.6203308,52,1390,397.4285714,504.3952886,3,59025038,2967565.2,1.32E+07,1,2,0,8,20,0,0,0,3.513791239,397.4285714,184.9,200,0,0,0,365969.7545,590,4356,5,660400,10,1849,11,6497,59351289,5.94E+07,59351289,0,59025038,5.90E+07,59025038,0,2,4194240,926720,10,10,32,benign
6643,2,0,104,0,52,-1,52,-1,52,0,1,0,6643,0,6643,-1,6643,-1,6643,0,0,0,0,0,0,0,40,0,301.0687942,0,301.0687942,15655.5773,52,52,52,1,6643,6643,6643,0,0,0,0,0,2,0,0,0,0,52,52,40,0,0,0,0,0,0,0,0,0,0,0,0,-1,0,-1,0,-1,0,-1,0,3,6528,-1,0,2,32,benign
64303,1,1,71,213,71,213,71,213,71,213,0,0,0,0,-1,-1,-1,-1,0,0,0,0,0,0,0,0,20,20,15.55137396,15.55137396,31.10274793,4416.590206,71,213,142,100.4041832,64303,64303,64303,0,0,0,0,0,0,0,0,0,3,142,71,20,0,0,0,0,213,0,0,0,0,0,0,0,-1,0,-1,0,-1,0,-1,0,2,0,0,0,1,0,benign
6743,3,0,865,0,52,-1,730,-1,288.3333333,0,382.8078282,0,6743,0,1374,-1,5369,-1,3371.5,0,2824.891414,0,2,0,0,0,60,0,444.9058283,0,444.9058283,128281.1805,52,730,288.3333333,382.8078282,1374,5369,3371.5,2824.891414,1,0,0,2,3,0,0,0,0,288.3333333,288.3333333,60,0,0,0,0,0,0,0,0,0,0,0,0,-1,0,-1,0,-1,0,-1,0,4,107008,-1,0,3,32,benign
14,0,2,0,135,-1,52,-1,83,0,67.5,0,21.89748844,0,14,-1,14,-1,14,0,14,0,0,0,1,0,0,0,40,0,142857.1429,142857.1429,9642857.143,52,83,67.5,21.89748844,14,14,14,0,1,0,0,1,2,0,0,0,0,67.5,0,0,0,0,0,479.5,67,0,0,0,0,0,0,0,-1,0,-1,0,-1,0,-1,0,3,-1,5824,2,0,0,benign
0,1,0,83,0,83,-1,83,-1,83,0,0,0,0,0,-1,-1,-1,-1,0,0,0,0,1,0,0,0,20,0,0,0,0,0,83,83,83,0,-1,-1,0,0,0,0,0,1,1,0,0,0,0,83,83,20,0,0,0,0,0,0,0,0,0,0,0,0,-1,0,-1,0,-1,0,-1,0,2,104320,-1,0,1,32,benign
59999324,3,5,1072,1516,52,52,590,667,357.3333333,303.2,276.2622546,330.0673416,59897392,59999324,4,11,59897388,59953090,2.99E+07,1.50E+07,4.24E+07,3.00E+07,2,3,0,0,60,100,0.050000563,0.083334272,0.133334836,43.13381931,52,667,323.5,291.2816506,4,59897388,8571332,2.26E+07,1,0,0,5,8,0,0,0,1.414179105,323.5,357.3333333,60,0,0,0,108944.45,303,849,4,18363,3,1072,5,1516,59899670,5.99E+07,59899670,0,59897388,5.99E+07,59897388,0,2,180224,21632,4,3,32,benign
0,0,1,0,83,-1,83,-1,83,0,83,0,0,0,0,-1,-1,-1,-1,0,0,0,0,0,1,0,0,0,20,0,0,0,0,83,83,83,0,-1,-1,0,0,0,0,0,1,1,0,0,0,0,83,0,0,0,0,0,0,83,0,0,0,0,0,0,0,-1,0,-1,0,-1,0,-1,0,2,-1,89792,1,0,0,benign
82871,2,2,782,529,52,52,730,477,391,264.5,479.4173547,300.5187182,82871,6840,82871,6840,82871,6840,82871,6840,0,0,1,1,0,0,40,40,24.13389485,24.13389485,48.2677897,15819.76807,52,730,327.75,334.741567,4083,71948,27623.66667,38410.74271,0,0,0,2,4,0,0,0,0.676470588,327.75,391,40,0,0,0,90311.5,264,0,0,0,0,0,0,0,-1,0,-1,0,-1,0,-1,0,2,104320,5824,1,2,32,benign
59970106,3,3,1068,771,52,52,586,667,356,257,274.5824102,355.0697115,59867778,59970106,6,46517,59867772,59923589,2.99E+07,3.00E+07,4.23E+07,4.23E+07,2,1,0,0,60,60,0.050024924,0.050024924,0.100049848,30.66527846,52,667,306.5,289.0129755,6,59867772,1.20E+07,2.68E+07,0,0,0,3,6,0,0,0,0.721910112,306.5,356,60,0,0,0,126074.5,257,0,0,0,3,1068,3,771,59916351,5.99E+07,59916351,0,59867772,5.99E+07,59867772,0,3,178944,21376,2,3,32,benign
0,1,0,83,0,83,-1,83,-1,83,0,0,0,0,0,-1,-1,-1,-1,0,0,0,0,1,0,0,0,20,0,0,0,0,0,83,83,83,0,-1,-1,0,0,0,0,0,1,1,0,0,0,0,83,83,20,0,0,0,0,0,0,0,0,0,0,0,0,-1,0,-1,0,-1,0,-1,0,2,106816,-1,0,1,32,benign
0,1,0,52,0,52,-1,52,-1,52,0,0,0,0,0,-1,-1,-1,-1,0,0,0,0,0,0,0,0,20,0,0,0,0,0,52,52,52,0,-1,-1,0,0,0,0,0,0,1,0,0,0,0,52,52,20,0,0,0,0,0,0,0,0,0,0,0,0,-1,0,-1,0,-1,0,-1,0,2,5120,-1,0,1,32,benign
334249,10,9,1848,6362,52,52,729,1390,184.8,706.8888889,250.5989714,611.3756915,334249,258800,3,8,104872,139835,37138.77778,32350,40625.78106,49823.43053,3,4,0,0,200,180,29.91781576,26.92603418,56.84384994,24562.52674,52,1390,432.1052632,518.8981269,3,100500,18569.38889,28044.46937,0,2,0,7,18,0,0,0,3.442640693,432.1052632,184.8,200,0,0,0,373780.2361,706,4356,5,3188872,0,0,0,0,-1,0,-1,0,-1,0,-1,0,2,4194240,926720,8,10,32,benign
559,1,1,71,329,71,329,71,329,71,329,0,0,0,0,-1,-1,-1,-1,0,0,0,0,0,0,0,0,20,20,1788.908766,1788.908766,3577.817531,715563.5063,71,329,200,182.4308088,559,559,559,0,0,0,0,0,0,0,0,0,4.633802817,200,71,20,0,0,0,0,329,0,0,0,0,0,0,0,-1,0,-1,0,-1,0,-1,0,2,0,0,0,1,0,benign
147385,4,0,239,0,52,-1,83,-1,59.75,0,15.48924358,0,147385,0,3,-1,112506,-1,49128.33333,0,57589.73872,0,1,0,0,0,80,0,27.13980391,0,27.13980391,1621.603284,52,83,59.75,15.48924358,3,112506,49128.33333,57589.73872,1,0,0,1,4,0,0,0,0,59.75,59.75,80,239,4,1621,0,0,0,0,0,0,0,0,0,-1,0,-1,0,-1,0,-1,0,5,89792,-1,0,4,32,benign
0,1,0,83,0,83,-1,83,-1,83,0,0,0,0,0,-1,-1,-1,-1,0,0,0,0,1,0,0,0,20,0,0,0,0,0,83,83,83,0,-1,-1,0,0,0,0,0,1,1,0,0,0,0,83,83,20,0,0,0,0,0,0,0,0,0,0,0,0,-1,0,-1,0,-1,0,-1,0,2,104320,-1,0,1,32,benign
59992139,5,2,2082,719,52,52,589,667,416.4,359.5,217.9680022,434.8695207,59992139,50325,4,50325,59885139,50325,1.50E+07,50325,2.99E+07,0,4,1,0,0,100,40,0.083344253,0.033337701,0.116681954,46.68945043,52,667,400.1428571,252.9090275,4,59885139,9998689.833,2.44E+07,0,0,0,5,7,0,0,0,0.345341018,400.1428571,416.4,100,0,0,0,189111.5,359,0,0,0,5,2082,2,719,59992134,6.00E+07,59992134,0,59885139,5.99E+07,59885139,0,3,176512,21120,1,5,32,benign
0,0,1,0,83,-1,83,-1,83,0,83,0,0,0,0,-1,-1,-1,-1,0,0,0,0,0,1,0,0,0,20,0,0,0,0,83,83,83,0,-1,-1,0,0,0,0,0,1,1,0,0,0,0,83,0,0,0,0,0,0,83,0,0,0,0,0,0,0,-1,0,-1,0,-1,0,-1,0,2,-1,89792,1,0,0,benign
0,1,0,52,0,52,-1,52,-1,52,0,0,0,0,0,-1,-1,-1,-1,0,0,0,0,0,0,0,0,20,0,0,0,0,0,52,52,52,0,-1,-1,0,0,0,0,0,0,1,0,0,0,0,52,52,20,0,0,0,0,0,0,0,0,0,0,0,0,-1,0,-1,0,-1,0,-1,0,2,5056,-1,0,1,32,benign
59831179,7,8,1618,1017,52,52,730,477,231.1428571,127.125,290.1125808,148.9332904,286875,59797377,1876,213,108128,59587340,47812.5,8542482.429,41429.83154,2.25E+07,3,3,0,0,140,160,0.116995856,0.13370955,0.250705406,44.04058292,52,730,175.6666667,223.7112829,213,59544091,4273655.643,1.59E+07,1,2,0,6,14,0,0,0,0.62855377,175.6666667,231.1428571,140,0,0,0,22181.125,127,0,0,0,7,1618,8,1017,59830966,5.98E+07,59830966,0,59544091,5.95E+07,59544091,0,2,4194240,926720,5,7,32,benign
1152,1,1,71,213,71,213,71,213,71,213,0,0,0,0,-1,-1,-1,-1,0,0,0,0,0,0,0,0,20,20,868.0555556,868.0555556,1736.111111,246527.7778,71,213,142,100.4041832,1152,1152,1152,0,0,0,0,0,0,0,0,0,3,142,71,20,0,0,0,0,213,0,0,0,0,0,0,0,-1,0,-1,0,-1,0,-1,0,2,0,0,0,1,0,benign
2751,3,0,187,0,52,-1,83,-1,62.33333333,0,17.88388474,0,2751,0,2,-1,2749,-1,1375.5,0,1942.422071,0,1,0,0,0,60,0,1090.512541,0,1090.512541,67975.28172,52,83,62.33333333,17.88388474,2,2749,1375.5,1942.422071,1,0,0,1,3,0,0,0,0,62.33333333,62.33333333,60,0,0,0,0,0,0,0,0,0,0,0,0,-1,0,-1,0,-1,0,-1,0,4,104320,-1,0,3,32,benign
106246,3,2,1066,719,52,52,584,667,355.3333333,359.5,273.7459284,434.8695207,106246,50881,4,50881,106242,50881,53123,50881,75121.61021,0,2,1,0,0,60,40,28.23635713,18.82423809,47.06059522,16800.63249,52,667,357,291.1215382,4,53342,26561.5,29531.16079,0,0,0,3,5,0,0,0,0.674484053,357,355.3333333,60,0,0,0,189111.5,359,0,0,0,0,0,0,0,-1,0,-1,0,-1,0,-1,0,3,175296,20800,1,3,32,benign
0,1,0,83,0,83,-1,83,-1,83,0,0,0,0,0,-1,-1,-1,-1,0,0,0,0,1,0,0,0,20,0,0,0,0,0,83,83,83,0,-1,-1,0,0,0,0,0,1,1,0,0,0,0,83,83,20,0,0,0,0,0,0,0,0,0,0,0,0,-1,0,-1,0,-1,0,-1,0,2,106816,-1,0,1,32,benign
0,1,0,52,0,52,-1,52,-1,52,0,0,0,0,0,-1,-1,-1,-1,0,0,0,0,0,0,0,0,20,0,0,0,0,0,52,52,52,0,-1,-1,0,0,0,0,0,0,1,0,0,0,0,52,52,20,0,0,0,0,0,0,0,0,0,0,0,0,-1,0,-1,0,-1,0,-1,0,2,5824,-1,0,1,32,benign
59918024,10,11,1849,6497,52,52,730,1390,184.9,590.6363636,250.8403432,604.9543409,293375,59882974,2,8,100248,59661576,32597.22222,5988297.4,33865.51771,1.89E+07,3,5,0,0,200,220,0.166894689,0.183584158,0.350478848,139.2903077,52,1390,397.4285714,504.3952886,2,59624369,2995901.2,1.33E+07,1,2,0,8,20,0,0,0,3.513791239,397.4285714,184.9,200,0,0,0,365969.7545,590,4356,5,2415973,10,1849,11,6497,59917744,5.99E+07,59917744,0,59624369,5.96E+07,59624369,0,2,4194240,926720,10,10,32,benign
584,1,1,71,414,71,414,71,414,71,414,0,0,0,0,-1,-1,-1,-1,0,0,0,0,0,0,0,0,20,20,1712.328767,1712.328767,3424.657534,830479.4521,71,414,242.5,242.5355644,584,584,584,0,0,0,0,0,0,0,0,0,5.830985916,242.5,71,20,0,0,0,0,414,0,0,0,0,0,0,0,-1,0,-1,0,-1,0,-1,0,2,0,0,0,1,0,benign
7869,3,0,865,0,52,-1,730,-1,288.3333333,0,382.8078282,0,7869,0,3871,-1,3998,-1,3934.5,0,89.79699327,0,2,0,0,0,60,0,381.2428517,0,381.2428517,109925.0222,52,730,288.3333333,382.8078282,3871,3998,3934.5,89.79699327,1,0,0,2,3,0,0,0,0,288.3333333,288.3333333,60,0,0,0,0,0,0,0,0,0,0,0,0,-1,0,-1,0,-1,0,-1,0,4,89792,-1,0,3,32,benign
0,1,0,83,0,83,-1,83,-1,83,0,0,0,0,0,-1,-1,-1,-1,0,0,0,0,1,0,0,0,20,0,0,0,0,0,83,83,83,0,-1,-1,0,0,0,0,0,1,1,0,0,0,0,83,83,20,0,0,0,0,0,0,0,0,0,0,0,0,-1,0,-1,0,-1,0,-1,0,2,104320,-1,0,1,32,benign
340109,1,2,64,116,64,52,64,64,64,58,0,8.426149773,0,340109,-1,340109,-1,340109,0,340109,0,0,1,1,0,0,20,40,2.940233866,5.880467732,8.820701599,529.2420959,52,64,60,6.892024376,37627,302482,170054.5,187280.7665,0,0,0,2,3,0,0,0,1.8125,60,64,20,0,0,0,71,58,0,0,0,0,0,0,0,-1,0,-1,0,-1,0,-1,0,2,88704,153984,2,1,32,benign
804875,9,8,929,4716,52,52,218,1390,103.2222222,589.5,75.66584067,611.6753341,804875,743655,2,222,517128,543041,100609.375,106236.4286,180170.8209,195889.5335,3,3,0,0,180,160,11.18186054,9.939431589,21.12129213,7013.511415,52,1390,332.0588235,478.6918334,2,517128,50304.6875,127234.4913,0,2,0,6,16,0,0,0,5.076426265,332.0588235,103.2222222,180,334,4,29043,374146.7143,589,3914,4,989383,0,0,0,0,-1,0,-1,0,-1,0,-1,0,2,4194240,1853440,6,9,32,benign
68389,1,1,65,449,65,449,65,449,65,449,0,0,0,0,-1,-1,-1,-1,0,0,0,0,0,0,0,0,20,20,14.62223457,14.62223457,29.24446914,7515.828569,65,449,257,271.5271625,68389,68389,68389,0,0,0,0,0,0,0,0,0,6.907692308,257,65,20,0,0,0,0,449,0,0,0,0,0,0,0,-1,0,-1,0,-1,0,-1,0,2,0,0,0,1,0,benign
0,0,1,0,83,-1,83,-1,83,0,83,0,0,0,0,-1,-1,-1,-1,0,0,0,0,0,1,0,0,0,20,0,0,0,0,83,83,83,0,-1,-1,0,0,0,0,0,1,1,0,0,0,0,83,0,0,0,0,0,0,83,0,0,0,0,0,0,0,-1,0,-1,0,-1,0,-1,0,2,-1,89792,1,0,0,benign
59793716,7,8,1618,1017,52,52,730,477,231.1428571,127.125,290.1125808,148.9332904,259874,59759930,3,14,107625,59576657,43312.33333,8537132.857,43112.9695,2.25E+07,3,3,0,0,140,160,0.117069158,0.133793324,0.250862482,44.06817599,52,730,175.6666667,223.7112829,3,59533828,4270979.714,1.59E+07,1,2,0,6,14,0,0,0,0.62855377,175.6666667,231.1428571,140,0,0,0,22181.125,127,0,0,0,7,1618,8,1017,59793702,5.98E+07,59793702,0,59533828,5.95E+07,59533828,0,2,4194240,926720,5,7,32,benign
0,1,0,52,0,52,-1,52,-1,52,0,0,0,0,0,-1,-1,-1,-1,0,0,0,0,0,0,0,0,20,0,0,0,0,0,52,52,52,0,-1,-1,0,0,0,0,0,0,1,0,0,0,0,52,52,20,0,0,0,0,0,0,0,0,0,0,0,0,-1,0,-1,0,-1,0,-1,0,2,5824,-1,0,1,32,benign
33120,1,1,71,414,71,414,71,414,71,414,0,0,0,0,-1,-1,-1,-1,0,0,0,0,0,0,0,0,20,20,30.19323672,30.19323672,60.38647343,14643.71981,71,414,242.5,242.5355644,33120,33120,33120,0,0,0,0,0,0,0,0,0,5.830985916,242.5,71,20,0,0,0,0,414,0,0,0,0,0,0,0,-1,0,-1,0,-1,0,-1,0,2,0,0,0,1,0,benign
20870,2,0,813,0,83,-1,730,-1,406.5,0,457.4969945,0,20870,0,20870,-1,20870,-1,20870,0,0,0,2,0,0,0,40,0,95.83133685,0,95.83133685,38955.43843,83,730,406.5,457.4969945,20870,20870,20870,0,1,0,0,2,2,0,0,0,0,406.5,406.5,40,0,0,0,0,0,0,0,0,0,0,0,0,-1,0,-1,0,-1,0,-1,0,3,89792,-1,0,2,32,benign
59958793,4,3,1107,1386,52,52,573,667,276.75,462,266.0036027,355.0697115,59956386,59956846,5,26359,59874640,59930487,2.00E+07,3.00E+07,3.45E+07,4.24E+07,2,2,0,0,80,60,0.066712484,0.050034363,0.116746847,41.57855546,52,667,356.1428571,295.3116594,5,59874640,9993132.167,2.44E+07,0,0,0,4,7,0,0,0,1.25203252,356.1428571,276.75,80,0,0,0,126074.5,462,0,0,0,4,1107,3,1386,59877047,5.99E+07,59877047,0,59874640,5.99E+07,59874640,0,2,174016,20288,2,4,32,benign
5,2,0,135,0,52,-1,83,-1,67.5,0,21.89748844,0,5,0,5,-1,5,-1,5,0,0,0,1,0,0,0,40,0,400000,0,400000,2.70E+07,52,83,67.5,21.89748844,5,5,5,0,0,0,1,1,2,0,0,0,0,67.5,67.5,40,0,0,0,0,0,0,0,0,0,0,0,0,-1,0,-1,0,-1,0,-1,0,3,103808,-1,0,2,32,benign
0,1,0,83,0,83,-1,83,-1,83,0,0,0,0,0,-1,-1,-1,-1,0,0,0,0,1,0,0,0,20,0,0,0,0,0,83,83,83,0,-1,-1,0,0,0,0,0,1,1,0,0,0,0,83,83,20,0,0,0,0,0,0,0,0,0,0,0,0,-1,0,-1,0,-1,0,-1,0,2,106816,-1,0,1,32,benign
59941227,7,10,1618,1179,52,52,730,431,231.1428571,117.9,290.1125808,118.350656,245125,59907536,1375,77,81503,59706632,40854.16667,6656392.889,34828.17045,1.99E+07,3,5,0,0,140,200,0.11678106,0.166830085,0.283611145,46.6623748,52,730,164.5294118,206.7394549,77,59695738,3746326.688,1.49E+07,1,2,0,8,16,0,0,0,0.72867738,164.5294118,231.1428571,140,0,0,0,14006.87778,117,691,4,19209,7,1618,10,1179,59940863,5.99E+07,59940863,0,59695738,5.97E+07,59695738,0,2,4194240,926720,7,7,32,benign
0,1,0,52,0,52,-1,52,-1,52,0,0,0,0,0,-1,-1,-1,-1,0,0,0,0,0,0,0,0,20,0,0,0,0,0,52,52,52,0,-1,-1,0,0,0,0,0,0,1,0,0,0,0,52,52,20,0,0,0,0,0,0,0,0,0,0,0,0,-1,0,-1,0,-1,0,-1,0,2,6528,-1,0,1,32,benign
23192,1,1,71,213,71,213,71,213,71,213,0,0,0,0,-1,-1,-1,-1,0,0,0,0,0,0,0,0,20,20,43.11831666,43.11831666,86.23663332,12245.60193,71,213,142,100.4041832,23192,23192,23192,0,0,0,0,0,0,0,0,0,3,142,71,20,0,0,0,0,213,0,0,0,0,0,0,0,-1,0,-1,0,-1,0,-1,0,2,0,0,0,1,0,benign
6369,3,0,865,0,52,-1,730,-1,288.3333333,0,382.8078282,0,6369,0,1249,-1,5120,-1,3184.5,0,2737.210167,0,2,0,0,0,60,0,471.0315591,0,471.0315591,135814.0995,52,730,288.3333333,382.8078282,1249,5120,3184.5,2737.210167,1,0,0,2,3,0,0,0,0,288.3333333,288.3333333,60,0,0,0,0,0,0,0,0,0,0,0,0,-1,0,-1,0,-1,0,-1,0,4,107008,-1,0,3,32,benign
259,0,2,0,135,-1,52,-1,83,0,67.5,0,21.89748844,0,259,-1,259,-1,259,0,259,0,0,0,1,0,0,0,40,0,7722.007722,7722.007722,521235.5212,52,83,67.5,21.89748844,259,259,259,0,1,0,0,1,2,0,0,0,0,67.5,0,0,0,0,0,479.5,67,0,0,0,0,0,0,0,-1,0,-1,0,-1,0,-1,0,3,-1,5824,2,0,0,benign
0,1,0,83,0,83,-1,83,-1,83,0,0,0,0,0,-1,-1,-1,-1,0,0,0,0,1,0,0,0,20,0,0,0,0,0,83,83,83,0,-1,-1,0,0,0,0,0,1,1,0,0,0,0,83,83,20,0,0,0,0,0,0,0,0,0,0,0,0,-1,0,-1,0,-1,0,-1,0,2,104320,-1,0,1,32,benign
0,1,0,40,0,40,-1,40,-1,40,0,0,0,0,0,-1,-1,-1,-1,0,0,0,0,0,0,0,0,20,0,0,0,0,0,40,40,40,0,-1,-1,0,0,0,0,0,0,1,0,0,0,0,40,40,20,0,0,0,0,0,0,0,0,0,0,0,0,-1,0,-1,0,-1,0,-1,0,2,1018752,-1,0,1,20,benign
2,2,0,80,0,40,-1,40,-1,40,0,1,0,2,0,2,-1,2,-1,2,0,0,0,0,0,0,0,40,0,1000000,0,1000000,4.00E+07,40,40,40,1,2,2,2,0,1,0,0,0,2,0,0,0,0,40,40,40,0,0,0,0,0,0,0,0,0,0,0,0,-1,0,-1,0,-1,0,-1,0,3,4194240,-1,0,2,20,benign
184010,3,4,1277,375,40,40,1177,235,425.6666667,93.75,650.7502081,94.63570503,93626,96452,2,189,93624,95293,46813,32150.66667,66200.75106,54684.25901,1,1,0,0,60,80,16.30346177,21.73794902,38.04141079,8977.772947,40,1177,236,420.8485476,2,89225,30668.33333,44770.51921,1,2,0,2,6,0,0,0,0.293657009,236,425.6666667,60,0,0,0,8955.916667,93,0,0,0,0,0,0,0,-1,0,-1,0,-1,0,-1,0,2,4194240,829440,3,3,20,benign
22942,1,1,64,106,64,106,64,106,64,106,0,0,0,0,-1,-1,-1,-1,0,0,0,0,0,0,0,0,20,20,43.58817889,43.58817889,87.17635777,7409.990411,64,106,85,29.68164416,22942,22942,22942,0,0,0,0,0,0,0,0,0,1.65625,85,64,20,0,0,0,0,106,0,0,0,0,0,0,0,-1,0,-1,0,-1,0,-1,0,2,0,0,0,1,0,benign
59970261,3,2,1071,719,52,52,589,667,357,359.5,275.84144,434.8695207,59915259,59970261,1619,59970261,59913640,59970261,3.00E+07,6.00E+07,4.24E+07,0,2,1,0,0,60,40,0.050024795,0.033349863,0.083374658,29.84812756,52,667,358,292.1031496,1619,59913640,1.50E+07,2.99E+07,0,0,0,3,5,0,0,0,0.671335201,358,357,60,0,0,0,189111.5,359,0,0,0,3,1071,2,719,59915636,5.99E+07,59915636,0,59913640,5.99E+07,59913640,0,2,172800,20032,2,3,32,benign
0,0,1,0,83,-1,83,-1,83,0,83,0,0,0,0,-1,-1,-1,-1,0,0,0,0,0,1,0,0,0,20,0,0,0,0,83,83,83,0,-1,-1,0,0,0,0,0,1,1,0,0,0,0,83,0,0,0,0,0,0,83,0,0,0,0,0,0,0,-1,0,-1,0,-1,0,-1,0,2,-1,89792,1,0,0,benign
73247,3,2,833,558,52,86,729,472,277.6666667,279,390.8654926,272.9413856,73247,303,3,303,73244,303,36623.5,303,51789.20775,0,1,2,0,0,60,40,40.95730883,27.30487255,68.26218139,18990.53886,52,729,278.2,308.2417071,3,65472,18311.75,31628.99413,0,0,0,3,5,0,0,0,0.669867947,278.2,277.6666667,60,0,0,0,74497,279,0,0,0,0,0,0,0,-1,0,-1,0,-1,0,-1,0,2,104320,5824,2,3,32,benign
59998318,4,4,1130,1440,52,52,584,668,282.5,360,266.789555,355.6472972,59245896,59998318,2,257153,59245890,59477123,1.97E+07,2.00E+07,3.42E+07,3.42E+07,2,2,0,0,80,80,0.066668536,0.066668536,0.133337071,42.83453413,52,668,321.25,293.9870017,2,59245890,8571188.286,2.23E+07,0,0,0,4,8,0,0,0,1.274336283,321.25,282.5,80,0,0,0,126485,360,0,0,0,4,1130,4,1440,59945005,5.99E+07,59945005,0,59245890,5.92E+07,59245890,0,4,171584,19712,2,4,32,benign
0,1,0,83,0,83,-1,83,-1,83,0,0,0,0,0,-1,-1,-1,-1,0,0,0,0,1,0,0,0,20,0,0,0,0,0,83,83,83,0,-1,-1,0,0,0,0,0,1,1,0,0,0,0,83,83,20,0,0,0,0,0,0,0,0,0,0,0,0,-1,0,-1,0,-1,0,-1,0,2,106816,-1,0,1,32,benign
0,1,0,52,0,52,-1,52,-1,52,0,0,0,0,0,-1,-1,-1,-1,0,0,0,0,0,0,0,0,20,0,0,0,0,0,52,52,52,0,-1,-1,0,0,0,0,0,0,1,0,0,0,0,52,52,20,0,0,0,0,0,0,0,0,0,0,0,0,-1,0,-1,0,-1,0,-1,0,2,5120,-1,0,1,32,benign
329876,9,9,1796,6362,52,52,729,1390,199.5555556,706.8888889,261.1520683,611.3756915,329876,255957,2,9,103873,137790,41234.5,31994.625,40849.81896,49155.69195,3,4,0,0,180,180,27.28297906,27.28297906,54.56595812,24730.5048,52,1390,453.2222222,525.47391,2,98250,19404.47059,28109.37958,0,2,0,7,17,0,0,0,3.542316258,453.2222222,199.5555556,180,0,0,0,373780.2361,706,4356,5,2657718,0,0,0,0,-1,0,-1,0,-1,0,-1,0,2,4194240,926720,8,9,32,benign
568,1,1,71,414,71,414,71,414,71,414,0,0,0,0,-1,-1,-1,-1,0,0,0,0,0,0,0,0,20,20,1760.56338,1760.56338,3521.126761,853873.2394,71,414,242.5,242.5355644,568,568,568,0,0,0,0,0,0,0,0,0,5.830985916,242.5,71,20,0,0,0,0,414,0,0,0,0,0,0,0,-1,0,-1,0,-1,0,-1,0,2,0,0,0,1,0,benign
196879,4,0,239,0,52,-1,83,-1,59.75,0,15.48924358,0,196879,0,2,-1,157246,-1,65626.33333,0,81781.64158,0,1,0,0,0,80,0,20.31704753,0,20.31704753,1213.94359,52,83,59.75,15.48924358,2,157246,65626.33333,81781.64158,1,0,0,1,4,0,0,0,0,59.75,59.75,80,239,4,1213,0,0,0,0,0,0,0,0,0,-1,0,-1,0,-1,0,-1,0,5,89792,-1,0,4,32,benign
0,1,0,83,0,83,-1,83,-1,83,0,0,0,0,0,-1,-1,-1,-1,0,0,0,0,1,0,0,0,20,0,0,0,0,0,83,83,83,0,-1,-1,0,0,0,0,0,1,1,0,0,0,0,83,83,20,0,0,0,0,0,0,0,0,0,0,0,0,-1,0,-1,0,-1,0,-1,0,2,104320,-1,0,1,32,benign
59953660,3,2,1070,720,52,52,588,668,356.6666667,360,275.4211926,435.5766293,59839643,106110,5,106110,59839638,106110,2.99E+07,106110,4.23E+07,0,2,1,0,0,60,40,0.050038647,0.033359098,0.083397744,29.85639242,52,668,358,292.1707549,5,59839638,1.50E+07,2.99E+07,0,0,0,3,5,0,0,0,0.672897196,358,356.6666667,60,0,0,0,189727,360,0,0,0,3,1070,2,720,59953655,6.00E+07,59953655,0,59839638,5.98E+07,59839638,0,3,170368,19456,1,3,32,benign
434974,1,2,64,116,64,52,64,64,64,58,0,8.426149773,0,434974,-1,434974,-1,434974,0,434974,0,0,1,1,0,0,20,40,2.298987986,4.597975971,6.896963957,413.8178374,52,64,60,6.892024376,132013,302961,217487,120878.49,0,0,0,2,3,0,0,0,1.8125,60,64,20,0,0,0,71,58,0,0,0,0,0,0,0,-1,0,-1,0,-1,0,-1,0,2,88704,154368,2,1,32,benign
0,0,1,0,83,-1,83,-1,83,0,83,0,0,0,0,-1,-1,-1,-1,0,0,0,0,0,1,0,0,0,20,0,0,0,0,83,83,83,0,-1,-1,0,0,0,0,0,1,1,0,0,0,0,83,0,0,0,0,0,0,83,0,0,0,0,0,0,0,-1,0,-1,0,-1,0,-1,0,2,-1,89792,1,0,0,benign
609,2,0,104,0,52,-1,52,-1,52,0,1,0,609,0,609,-1,609,-1,609,0,0,0,0,0,0,0,40,0,3284.07225,0,3284.07225,170771.757,52,52,52,1,609,609,609,0,0,0,0,0,2,0,0,0,0,52,52,40,0,0,0,0,0,0,0,0,0,0,0,0,-1,0,-1,0,-1,0,-1,0,3,5120,-1,0,2,32,benign
59395688,7,8,1617,1017,52,52,729,477,231,127.125,289.8260973,148.9332904,263254,59362148,1373,164,102251,59171673,43875.66667,8480306.857,40635.62419,2.24E+07,3,3,0,0,140,160,0.117853673,0.134689912,0.252543585,44.34665358,52,729,175.6,223.5343694,164,59132270,4242549.143,1.58E+07,1,2,0,6,14,0,0,0,0.628942486,175.6,231,140,0,0,0,22181.125,127,0,0,0,7,1617,8,1017,59395524,5.94E+07,59395524,0,59132270,5.91E+07,59132270,0,2,4194240,926720,5,7,32,benign
571,1,1,71,414,71,414,71,414,71,414,0,0,0,0,-1,-1,-1,-1,0,0,0,0,0,0,0,0,20,20,1751.313485,1751.313485,3502.62697,849387.0403,71,414,242.5,242.5355644,571,571,571,0,0,0,0,0,0,0,0,0,5.830985916,242.5,71,20,0,0,0,0,414,0,0,0,0,0,0,0,-1,0,-1,0,-1,0,-1,0,2,0,0,0,1,0,benign
414882,4,0,239,0,52,-1,83,-1,59.75,0,15.48924358,0,414882,0,5,-1,383253,-1,138294,0,212728.992,0,1,0,0,0,80,0,9.641295597,0,9.641295597,576.0674119,52,83,59.75,15.48924358,5,383253,138294,212728.992,1,0,0,1,4,0,0,0,0,59.75,59.75,80,239,4,576,0,0,0,0,0,0,0,0,0,-1,0,-1,0,-1,0,-1,0,5,104320,-1,0,4,32,benign
0,1,0,83,0,83,-1,83,-1,83,0,0,0,0,0,-1,-1,-1,-1,0,0,0,0,1,0,0,0,20,0,0,0,0,0,83,83,83,0,-1,-1,0,0,0,0,0,1,1,0,0,0,0,83,83,20,0,0,0,0,0,0,0,0,0,0,0,0,-1,0,-1,0,-1,0,-1,0,2,106816,-1,0,1,32,benign
59960314,3,2,1070,719,52,52,588,667,356.6666667,359.5,275.4211926,434.8695207,59912021,45786,4,45786,59912017,45786,3.00E+07,45786,4.24E+07,0,2,1,0,0,60,40,0.050033094,0.033355396,0.083388489,29.83640146,52,667,357.8,291.9057211,4,59912017,1.50E+07,2.99E+07,0,0,0,3,5,0,0,0,0.671962617,357.8,356.6666667,60,0,0,0,189111.5,359,0,0,0,3,1070,2,719,59960310,6.00E+07,59960310,0,59912017,5.99E+07,59912017,0,3,169088,19200,1,3,32,benign
0,1,0,52,0,52,-1,52,-1,52,0,0,0,0,0,-1,-1,-1,-1,0,0,0,0,0,0,0,0,20,0,0,0,0,0,52,52,52,0,-1,-1,0,0,0,0,0,0,1,0,0,0,0,52,52,20,0,0,0,0,0,0,0,0,0,0,0,0,-1,0,-1,0,-1,0,-1,0,2,103808,-1,0,1,32,benign
5006287,2,4,128,301,64,52,64,83,64,75.25,1,15.48924358,2,5006287,2,145410,2,4564930,2,1668762.333,0,2509283.904,0,3,0,0,40,80,0.399497672,0.798995343,1.198493015,85.69225056,52,83,71.5,13.33041635,2,4544501,1001257.4,1984253.852,1,0,0,3,6,0,0,0,2.3515625,71.5,64,40,0,0,0,239.9166667,75,0,0,0,2,128,4,301,5006287,5006287,5006287,0,4544501,4544501,4544501,0,4,103808,3328,2,2,44,benign
0,1,0,52,0,52,-1,52,-1,52,0,0,0,0,0,-1,-1,-1,-1,0,0,0,0,0,0,0,0,20,0,0,0,0,0,52,52,52,0,-1,-1,0,0,0,0,0,0,1,0,0,0,0,52,52,20,0,0,0,0,0,0,0,0,0,0,0,0,-1,0,-1,0,-1,0,-1,0,2,5120,-1,0,1,32,benign
59521754,11,12,1899,6549,52,52,728,1390,172.6363636,545.75,240.8567096,597.3920024,268123,59488046,2,8,116373,59298315,26812.3,5408004.182,35585.24991,1.79E+07,3,5,0,0,220,240,0.184806382,0.201606962,0.386413344,141.9313013,52,1390,367.3043478,491.0441505,2,59253444,2705534.273,1.26E+07,1,2,0,8,22,0,0,0,3.448657188,367.3043478,172.6363636,220,208,4,34666666,356877.2045,545,4356,5,2677320,11,1899,12,6549,59521567,5.95E+07,59521567,0,59253444,5.93E+07,59253444,0,2,4194240,926720,10,11,32,benign
564,1,1,71,414,71,414,71,414,71,414,0,0,0,0,-1,-1,-1,-1,0,0,0,0,0,0,0,0,20,20,1773.049645,1773.049645,3546.099291,859929.078,71,414,242.5,242.5355644,564,564,564,0,0,0,0,0,0,0,0,0,5.830985916,242.5,71,20,0,0,0,0,414,0,0,0,0,0,0,0,-1,0,-1,0,-1,0,-1,0,2,0,0,0,1,0,benign
2,2,0,135,0,52,-1,83,-1,67.5,0,21.89748844,0,2,0,2,-1,2,-1,2,0,0,0,1,0,0,0,40,0,1000000,0,1000000,6.75E+07,52,83,67.5,21.89748844,2,2,2,0,1,0,0,1,2,0,0,0,0,67.5,67.5,40,0,0,0,0,0,0,0,0,0,0,0,0,-1,0,-1,0,-1,0,-1,0,3,89792,-1,0,2,32,benign
59321013,7,0,581,0,83,-1,83,-1,83,0,0.408248291,0,59321013,0,948003,-1,30124878,-1,9886835.5,0,1.12E+07,0,7,0,0,0,140,0,0.118002031,0,0.118002031,9.794168552,83,83,83,0.408248291,948003,30124878,9886835.5,1.12E+07,0,0,0,7,7,0,0,0,0,83,83,140,0,0,0,0,0,0,0,0,1,116,0,0,2830503,1.19E+07,30124878,1.13E+07,1882500,1.17E+07,30124878,1.15E+07,8,104320,-1,0,7,32,benign
33098880,8,0,664,0,83,-1,83,-1,83,0,0.377964473,0,33098880,0,249998,-1,16683501,-1,4728411.429,0,5981144.349,0,8,0,0,0,160,0,0.241700021,0,0.241700021,20.06110177,83,83,83,0.377964473,249998,16683501,4728411.429,5981144.349,0,0,0,8,8,0,0,0,0,83,83,160,0,0,0,0,0,0,0,0,1,132,0,0,1816499,6619776,16683501,6203223.85,1040874,6464651,16683501,6361059.331,9,106816,-1,0,8,32,benign
0,1,0,52,0,52,-1,52,-1,52,0,0,0,0,0,-1,-1,-1,-1,0,0,0,0,0,0,0,0,20,0,0,0,0,0,52,52,52,0,-1,-1,0,0,0,0,0,0,1,0,0,0,0,52,52,20,0,0,0,0,0,0,0,0,0,0,0,0,-1,0,-1,0,-1,0,-1,0,2,142208,-1,0,1,32,benign
101230,1,1,52,64,52,64,52,64,52,64,0,0,0,0,-1,-1,-1,-1,0,0,0,0,0,0,0,0,20,20,9.878494517,9.878494517,19.75698903,1145.905364,52,64,58,8.426149773,101230,101230,101230,0,1,0,0,0,2,0,0,0,1.230769231,58,52,20,0,0,0,0,64,0,0,0,0,0,0,0,-1,0,-1,0,-1,0,-1,0,2,18240,107712,1,1,32,benign
103867,1,1,52,64,52,64,52,64,52,64,0,0,0,0,-1,-1,-1,-1,0,0,0,0,0,0,0,0,20,20,9.627696959,9.627696959,19.25539392,1116.812847,52,64,58,8.426149773,103867,103867,103867,0,1,0,0,0,2,0,0,0,1.230769231,58,52,20,0,0,0,0,64,0,0,0,0,0,0,0,-1,0,-1,0,-1,0,-1,0,2,18240,93440,1,1,32,benign
59948440,3,2,1067,719,52,52,585,667,355.6666667,359.5,274.1638804,434.8695207,59900510,45708,1494,45708,59899016,45708,3.00E+07,45708,4.24E+07,0,2,1,0,0,60,40,0.050043004,0.033362002,0.083405006,29.79226816,52,667,357.2,291.316752,1494,59899016,1.50E+07,2.99E+07,0,0,0,3,5,0,0,0,0.673851921,357.2,355.6666667,60,0,0,0,189111.5,359,0,0,0,3,1067,2,719,59946946,5.99E+07,59946946,0,59899016,5.99E+07,59899016,0,3,167872,18944,1,3,32,benign
15368155,5,5,455,2880,52,52,239,1390,91,576,82.80549499,714.23088,53747,15346020,4,8,25993,15320144,13436.75,3836505,13523.41567,7655767.443,1,1,0,0,100,100,0.325348098,0.325348098,0.650696196,217.0071814,52,1390,333.5,543.2406363,4,15314408,1707572.778,5102571.205,1,2,0,2,9,0,0,0,6.32967033,333.5,91,100,0,0,0,510125.75,576,0,0,0,5,455,5,2880,15368155,1.54E+07,15368155,0,15314408,1.53E+07,15314408,0,2,4194240,4194240,4,5,32,benign
16360155,19,24,1744,25006,52,52,239,1390,91.78947368,1041.916667,78.12317834,569.6186685,474752,16338033,2,2,309879,15892846,26375.11111,710349.2609,71835.81288,3310423.029,4,4,0,0,380,480,1.16135819,1.466978766,2.628336957,1635.070083,52,1390,622.0930233,638.9318584,2,15885403,389527.5,2449850.744,1,2,0,8,42,0,0,0,14.33830275,622.0930233,91.78947368,380,367,4,3306,324465.4275,1041,9464,8,8323658,19,1744,24,25006,16360155,1.64E+07,16360155,0,15885403,1.59E+07,15885403,0,2,4194240,4194240,23,19,32,benign
